date,temp_max,temp_min,precipitation,precip_probability,wind_speed,wind_gust,weather_code,city,latitude,longitude,extraction_date,temp_category,precip_category,wind_category,temp_range,year,month,day,day_of_week,season,risk_score
2026-09-19,21.5,20.3,0.0,0.0,30.9,38.5,1,Ad Dakhla,23.7167,-15.95,2026-09-19,Cool / Mild,Dry,Strong,1.1999999999999993,2026,9,19,Saturday,Autumn,23.75
2026-09-20,21.7,19.5,0.0,0.0,27.9,34.9,0,Ad Dakhla,23.7167,-15.95,2026-09-19,Cool / Mild,Dry,Strong,2.1999999999999993,2026,9,20,Sunday,Autumn,23.75
2026-09-21,21.7,20.5,0.0,0.0,28.4,35.3,0,Ad Dakhla,23.7167,-15.95,2026-09-19,Cool / Mild,Dry,Strong,1.1999999999999993,2026,9,21,Monday,Autumn,23.75
2026-09-22,21.9,20.2,0.0,2.0,31.3,39.6,0,Ad Dakhla,23.7167,-15.95,2026-09-19,Cool / Mild,Dry,Strong,1.6999999999999993,2026,9,22,Tuesday,Autumn,23.75
2026-09-23,22.2,20.2,0.0,2.0,30.2,38.2,1,Ad Dakhla,23.7167,-15.95,2026-09-19,Cool / Mild,Dry,Strong,2.0,2026,9,23,Wednesday,Autumn,23.75
2026-09-24,23.1,20.5,0.0,8.0,25.3,33.5,3,Ad Dakhla,23.7167,-15.95,2026-09-19,Cool / Mild,Dry,Strong,2.6000000000000014,2026,9,24,Thursday,Autumn,23.75
2026-09-25,24.4,22.8,0.0,10.0,26.6,41.0,3,Ad Dakhla,23.7167,-15.95,2026-09-19,Cool / Mild,Dry,Strong,1.5999999999999979,2026,9,25,Friday,Autumn,23.75
2026-09-19,30.3,17.9,0.0,0.0,15.7,31.0,45,Ad Darwa,33.4167,-7.5333,2026-09-19,Normal / Pleasant,Dry,Moderate,12.400000000000002,2026,9,19,Saturday,Autumn,36.0
2026-09-20,34.7,19.6,0.0,0.0,16.0,32.0,1,Ad Darwa,33.4167,-7.5333,2026-09-19,Warm,Dry,Moderate,15.100000000000001,2026,9,20,Sunday,Autumn,46.5
2026-09-21,34.3,19.5,0.0,0.0,15.1,30.6,45,Ad Darwa,33.4167,-7.5333,2026-09-19,Warm,Dry,Moderate,14.799999999999997,2026,9,21,Monday,Autumn,46.5
2026-09-22,33.7,19.2,0.0,0.0,16.7,32.4,1,Ad Darwa,33.4167,-7.5333,2026-09-19,Warm,Dry,Moderate,14.500000000000004,2026,9,22,Tuesday,Autumn,46.5
2026-09-23,33.0,17.3,0.0,0.0,14.8,29.5,45,Ad Darwa,33.4167,-7.5333,2026-09-19,Warm,Dry,Calm / Light,15.7,2026,9,23,Wednesday,Autumn,20.25
2026-09-24,34.1,17.6,0.0,0.0,17.3,34.2,45,Ad Darwa,33.4167,-7.5333,2026-09-19,Warm,Dry,Moderate,16.5,2026,9,24,Thursday,Autumn,46.5
2026-09-25,29.2,19.1,0.0,3.0,15.5,32.0,45,Ad Darwa,33.4167,-7.5333,2026-09-19,Normal / Pleasant,Dry,Moderate,10.099999999999998,2026,9,25,Friday,Autumn,36.0
2026-09-19,26.4,21.0,0.0,0.0,13.4,38.5,3,Agadir,30.4214,-9.5831,2026-09-19,Normal / Pleasant,Dry,Calm / Light,5.399999999999999,2026,9,19,Saturday,Autumn,23.75
2026-09-20,27.8,20.3,0.0,0.0,12.2,36.7,45,Agadir,30.4214,-9.5831,2026-09-19,Normal / Pleasant,Dry,Calm / Light,7.5,2026,9,20,Sunday,Autumn,23.75
2026-09-21,34.8,22.3,0.0,0.0,9.5,28.4,3,Agadir,30.4214,-9.5831,2026-09-19,Warm,Dry,Calm / Light,12.499999999999996,2026,9,21,Monday,Autumn,30.75
2026-09-22,33.3,23.2,0.0,0.0,11.9,37.1,2,Agadir,30.4214,-9.5831,2026-09-19,Warm,Dry,Calm / Light,10.099999999999998,2026,9,22,Tuesday,Autumn,46.5
2026-09-23,32.9,22.3,0.0,0.0,10.5,31.7,2,Agadir,30.4214,-9.5831,2026-09-19,Warm,Dry,Calm / Light,10.599999999999998,2026,9,23,Wednesday,Autumn,36.0
2026-09-24,38.9,22.3,0.0,0.0,14.2,30.6,3,Agadir,30.4214,-9.5831,2026-09-19,Very Warm / Heatwave,Dry,Calm / Light,16.599999999999998,2026,9,24,Thursday,Autumn,55.25
2026-09-25,31.0,20.8,0.0,0.0,14.0,28.1,45,Agadir,30.4214,-9.5831,2026-09-19,Normal / Pleasant,Dry,Calm / Light,10.2,2026,9,25,Friday,Autumn,20.25
2026-09-19,31.3,18.2,0.3,8.0,13.0,37.8,3,Aguelmous,33.1324,-5.8366,2026-09-19,Normal / Pleasant,Light,Calm / Light,13.100000000000001,2026,9,19,Saturday,Autumn,42.0
2026-09-20,32.8,19.3,0.0,5.0,21.3,44.6,2,Aguelmous,33.1324,-5.8366,2026-09-19,Warm,Dry,Moderate,13.499999999999996,2026,9,20,Sunday,Autumn,36.0
2026-09-21,32.0,19.7,0.0,0.0,20.9,43.9,2,Aguelmous,33.1324,-5.8366,2026-09-19,Warm,Dry,Moderate,12.3,2026,9,21,Monday,Autumn,36.0
2026-09-22,31.1,18.8,0.0,0.0,16.3,34.6,1,Aguelmous,33.1324,-5.8366,2026-09-19,Normal / Pleasant,Dry,Moderate,12.3,2026,9,22,Tuesday,Autumn,36.0
2026-09-23,31.8,18.1,0.0,0.0,14.9,29.9,1,Aguelmous,33.1324,-5.8366,2026-09-19,Normal / Pleasant,Dry,Calm / Light,13.7,2026,9,23,Wednesday,Autumn,20.25
2026-09-24,31.6,18.0,0.0,0.0,15.3,31.0,0,Aguelmous,33.1324,-5.8366,2026-09-19,Normal / Pleasant,Dry,Moderate,13.600000000000001,2026,9,24,Thursday,Autumn,36.0
2026-09-25,30.4,18.6,0.0,8.0,16.5,36.0,3,Aguelmous,33.1324,-5.8366,2026-09-19,Normal / Pleasant,Dry,Moderate,11.799999999999997,2026,9,25,Friday,Autumn,36.0
2026-09-19,32.3,15.8,0.0,0.0,16.4,32.8,2,Ain El Aouda,33.8111,-6.7922,2026-09-19,Warm,Dry,Moderate,16.499999999999996,2026,9,19,Saturday,Autumn,36.0
2026-09-20,35.0,18.7,0.0,0.0,17.1,34.9,2,Ain El Aouda,33.8111,-6.7922,2026-09-19,Warm,Dry,Moderate,16.3,2026,9,20,Sunday,Autumn,46.5
2026-09-21,34.1,19.6,0.0,0.0,15.9,31.3,1,Ain El Aouda,33.8111,-6.7922,2026-09-19,Warm,Dry,Moderate,14.5,2026,9,21,Monday,Autumn,46.5
2026-09-22,33.4,19.4,0.0,0.0,14.0,28.8,0,Ain El Aouda,33.8111,-6.7922,2026-09-19,Warm,Dry,Calm / Light,14.0,2026,9,22,Tuesday,Autumn,30.75
2026-09-23,33.2,16.3,0.0,0.0,15.6,31.0,0,Ain El Aouda,33.8111,-6.7922,2026-09-19,Warm,Dry,Moderate,16.900000000000002,2026,9,23,Wednesday,Autumn,46.5
2026-09-24,32.5,17.2,0.0,0.0,15.6,30.2,3,Ain El Aouda,33.8111,-6.7922,2026-09-19,Warm,Dry,Moderate,15.3,2026,9,24,Thursday,Autumn,36.0
2026-09-25,28.7,16.5,0.0,3.0,15.3,30.2,45,Ain El Aouda,33.8111,-6.7922,2026-09-19,Normal / Pleasant,Dry,Moderate,12.2,2026,9,25,Friday,Autumn,36.0
2026-09-19,26.4,19.6,0.0,0.0,19.7,33.1,3,Ait Ali,30.1739,-9.4881,2026-09-19,Normal / Pleasant,Dry,Moderate,6.799999999999997,2026,9,19,Saturday,Autumn,23.75
2026-09-20,27.0,19.9,0.0,0.0,18.9,32.0,2,Ait Ali,30.1739,-9.4881,2026-09-19,Normal / Pleasant,Dry,Moderate,7.100000000000001,2026,9,20,Sunday,Autumn,23.75
2026-09-21,37.0,21.8,0.0,0.0,19.3,32.8,3,Ait Ali,30.1739,-9.4881,2026-09-19,Very Warm / Heatwave,Dry,Moderate,15.2,2026,9,21,Monday,Autumn,46.5
2026-09-22,37.6,21.8,0.0,0.0,22.5,37.8,3,Ait Ali,30.1739,-9.4881,2026-09-19,Very Warm / Heatwave,Dry,Moderate,15.8,2026,9,22,Tuesday,Autumn,55.25
2026-09-23,33.8,20.8,0.0,0.0,20.3,34.2,0,Ait Ali,30.1739,-9.4881,2026-09-19,Warm,Dry,Moderate,12.999999999999996,2026,9,23,Wednesday,Autumn,46.5
2026-09-24,36.6,21.3,0.0,0.0,20.0,35.6,3,Ait Ali,30.1739,-9.4881,2026-09-19,Warm,Dry,Moderate,15.3,2026,9,24,Thursday,Autumn,46.5
2026-09-25,26.8,21.1,0.0,0.0,18.2,31.7,3,Ait Ali,30.1739,-9.4881,2026-09-19,Normal / Pleasant,Dry,Moderate,5.699999999999999,2026,9,25,Friday,Autumn,23.75
2026-09-19,25.9,20.0,0.0,0.0,20.3,40.3,2,Ait Melloul,30.3342,-9.4972,2026-09-19,Normal / Pleasant,Dry,Moderate,5.899999999999999,2026,9,19,Saturday,Autumn,23.75
2026-09-20,26.5,19.8,0.0,0.0,18.4,37.4,2,Ait Melloul,30.3342,-9.4972,2026-09-19,Normal / Pleasant,Dry,Moderate,6.699999999999999,2026,9,20,Sunday,Autumn,23.75
2026-09-21,35.3,21.3,0.0,0.0,14.9,31.0,3,Ait Melloul,30.3342,-9.4972,2026-09-19,Warm,Dry,Calm / Light,13.999999999999996,2026,9,21,Monday,Autumn,46.5
2026-09-22,35.4,21.5,0.0,0.0,19.6,38.5,2,Ait Melloul,30.3342,-9.4972,2026-09-19,Warm,Dry,Moderate,13.899999999999999,2026,9,22,Tuesday,Autumn,46.5
2026-09-23,32.6,20.4,0.0,0.0,15.1,33.5,0,Ait Melloul,30.3342,-9.4972,2026-09-19,Warm,Dry,Moderate,12.200000000000003,2026,9,23,Wednesday,Autumn,36.0
2026-09-24,39.1,22.0,0.0,0.0,14.2,30.6,3,Ait Melloul,30.3342,-9.4972,2026-09-19,Very Warm / Heatwave,Dry,Calm / Light,17.1,2026,9,24,Thursday,Autumn,55.25
2026-09-25,31.2,21.1,0.0,0.0,14.0,28.1,45,Ait Melloul,30.3342,-9.4972,2026-09-19,Normal / Pleasant,Dry,Calm / Light,10.099999999999998,2026,9,25,Friday,Autumn,20.25
2026-09-19,34.7,19.8,0.0,18.0,13.9,54.4,3,Ait Ourir,31.5644,-7.6628,2026-09-19,Warm,Dry,Calm / Light,14.900000000000002,2026,9,19,Saturday,Autumn,62.25
2026-09-20,35.6,23.2,0.1,23.0,13.0,25.9,3,Ait Ourir,31.5644,-7.6628,2026-09-19,Warm,Light,Calm / Light,12.400000000000002,2026,9,20,Sunday,Autumn,36.75
2026-09-21,35.6,22.3,0.0,3.0,17.0,32.0,3,Ait Ourir,31.5644,-7.6628,2026-09-19,Warm,Dry,Moderate,13.3,2026,9,21,Monday,Autumn,46.5
2026-09-22,35.4,22.2,0.0,1.0,17.0,32.4,3,Ait Ourir,31.5644,-7.6628,2026-09-19,Warm,Dry,Moderate,13.2,2026,9,22,Tuesday,Autumn,46.5
2026-09-23,35.2,19.8,0.0,2.0,15.1,28.4,0,Ait Ourir,31.5644,-7.6628,2026-09-19,Warm,Dry,Moderate,15.400000000000002,2026,9,23,Wednesday,Autumn,30.75
2026-09-24,35.7,17.4,0.0,3.0,14.3,27.7,1,Ait Ourir,31.5644,-7.6628,2026-09-19,Warm,Dry,Calm / Light,18.300000000000004,2026,9,24,Thursday,Autumn,30.75
2026-09-25,32.9,19.7,0.0,5.0,11.6,23.0,3,Ait Ourir,31.5644,-7.6628,2026-09-19,Warm,Dry,Calm / Light,13.2,2026,9,25,Friday,Autumn,20.25
2026-09-19,26.2,21.4,0.0,3.0,29.1,51.8,45,Al Aaroui,35.0104,-3.0073,2026-09-19,Normal / Pleasant,Dry,Strong,4.800000000000001,2026,9,19,Saturday,Autumn,39.5
2026-09-20,27.0,21.8,0.0,8.0,29.0,51.8,3,Al Aaroui,35.0104,-3.0073,2026-09-19,Normal / Pleasant,Dry,Strong,5.199999999999999,2026,9,20,Sunday,Autumn,39.5
2026-09-21,26.8,20.9,0.0,3.0,22.9,40.7,3,Al Aaroui,35.0104,-3.0073,2026-09-19,Normal / Pleasant,Dry,Moderate,5.900000000000002,2026,9,21,Monday,Autumn,23.75
2026-09-22,27.3,15.7,0.0,0.0,22.4,40.3,45,Al Aaroui,35.0104,-3.0073,2026-09-19,Normal / Pleasant,Dry,Moderate,11.600000000000001,2026,9,22,Tuesday,Autumn,23.75
2026-09-23,27.2,18.1,0.0,0.0,21.1,38.9,45,Al Aaroui,35.0104,-3.0073,2026-09-19,Normal / Pleasant,Dry,Moderate,9.099999999999998,2026,9,23,Wednesday,Autumn,23.75
2026-09-24,31.5,17.5,0.0,0.0,14.2,26.6,1,Al Aaroui,35.0104,-3.0073,2026-09-19,Normal / Pleasant,Dry,Calm / Light,14.0,2026,9,24,Thursday,Autumn,20.25
2026-09-25,32.2,17.7,0.0,0.0,18.7,34.2,3,Al Aaroui,35.0104,-3.0073,2026-09-19,Warm,Dry,Moderate,14.500000000000004,2026,9,25,Friday,Autumn,36.0
2026-09-19,37.8,20.5,0.0,0.0,16.4,34.9,2,Al Fqih Ben Çalah,32.507,-6.6886,2026-09-19,Very Warm / Heatwave,Dry,Moderate,17.299999999999997,2026,9,19,Saturday,Autumn,55.25
2026-09-20,38.8,22.6,0.0,8.0,22.2,41.8,3,Al Fqih Ben Çalah,32.507,-6.6886,2026-09-19,Very Warm / Heatwave,Dry,Moderate,16.199999999999996,2026,9,20,Sunday,Autumn,55.25
2026-09-21,37.4,20.5,0.0,0.0,17.1,32.0,3,Al Fqih Ben Çalah,32.507,-6.6886,2026-09-19,Very Warm / Heatwave,Dry,Moderate,16.9,2026,9,21,Monday,Autumn,55.25
2026-09-22,37.1,19.8,0.0,0.0,12.1,24.1,2,Al Fqih Ben Çalah,32.507,-6.6886,2026-09-19,Very Warm / Heatwave,Dry,Calm / Light,17.3,2026,9,22,Tuesday,Autumn,39.5
2026-09-23,37.1,18.9,0.0,0.0,9.1,18.7,0,Al Fqih Ben Çalah,32.507,-6.6886,2026-09-19,Very Warm / Heatwave,Dry,Calm / Light,18.200000000000003,2026,9,23,Wednesday,Autumn,39.5
2026-09-24,37.5,16.0,0.0,0.0,13.7,24.8,1,Al Fqih Ben Çalah,32.507,-6.6886,2026-09-19,Very Warm / Heatwave,Dry,Calm / Light,21.5,2026,9,24,Thursday,Autumn,39.5
2026-09-25,35.2,18.9,0.0,3.0,11.6,20.5,3,Al Fqih Ben Çalah,32.507,-6.6886,2026-09-19,Warm,Dry,Calm / Light,16.300000000000004,2026,9,25,Friday,Autumn,30.75
2026-09-19,27.9,21.3,0.0,0.0,27.9,50.4,3,Al Hoceïma,35.2472,-3.9322,2026-09-19,Normal / Pleasant,Dry,Strong,6.599999999999998,2026,9,19,Saturday,Autumn,39.5
2026-09-20,28.2,23.8,0.0,10.0,23.9,42.1,3,Al Hoceïma,35.2472,-3.9322,2026-09-19,Normal / Pleasant,Dry,Moderate,4.399999999999999,2026,9,20,Sunday,Autumn,36.0
2026-09-21,28.8,20.8,0.0,0.0,24.3,43.9,1,Al Hoceïma,35.2472,-3.9322,2026-09-19,Normal / Pleasant,Dry,Moderate,8.0,2026,9,21,Monday,Autumn,36.0
2026-09-22,27.8,17.7,0.0,0.0,14.9,27.4,1,Al Hoceïma,35.2472,-3.9322,2026-09-19,Normal / Pleasant,Dry,Calm / Light,10.100000000000001,2026,9,22,Tuesday,Autumn,8.0
2026-09-23,26.8,17.8,0.0,0.0,13.0,24.1,1,Al Hoceïma,35.2472,-3.9322,2026-09-19,Normal / Pleasant,Dry,Calm / Light,9.0,2026,9,23,Wednesday,Autumn,8.0
2026-09-24,26.7,20.3,0.0,0.0,8.4,16.2,45,Al Hoceïma,35.2472,-3.9322,2026-09-19,Normal / Pleasant,Dry,Calm / Light,6.399999999999999,2026,9,24,Thursday,Autumn,8.0
2026-09-25,27.7,21.1,0.0,0.0,7.2,14.8,45,Al Hoceïma,35.2472,-3.9322,2026-09-19,Normal / Pleasant,Dry,Calm / Light,6.599999999999998,2026,9,25,Friday,Autumn,8.0
2026-09-19,34.7,18.3,0.0,0.0,12.7,27.7,2,Al Khmissat,33.81,-6.06,2026-09-19,Warm,Dry,Calm / Light,16.400000000000002,2026,9,19,Saturday,Autumn,30.75
2026-09-20,36.5,20.8,0.0,0.0,14.7,33.5,2,Al Khmissat,33.81,-6.06,2026-09-19,Warm,Dry,Calm / Light,15.7,2026,9,20,Sunday,Autumn,46.5
2026-09-21,35.7,20.3,0.0,0.0,14.8,30.6,1,Al Khmissat,33.81,-6.06,2026-09-19,Warm,Dry,Calm / Light,15.400000000000002,2026,9,21,Monday,Autumn,46.5
2026-09-22,34.6,19.8,0.0,0.0,14.1,30.2,0,Al Khmissat,33.81,-6.06,2026-09-19,Warm,Dry,Calm / Light,14.8,2026,9,22,Tuesday,Autumn,46.5
2026-09-23,35.0,18.0,0.0,0.0,14.6,32.0,0,Al Khmissat,33.81,-6.06,2026-09-19,Warm,Dry,Calm / Light,17.0,2026,9,23,Wednesday,Autumn,46.5
2026-09-24,35.1,15.2,0.0,0.0,17.0,32.4,1,Al Khmissat,33.81,-6.06,2026-09-19,Warm,Dry,Moderate,19.900000000000002,2026,9,24,Thursday,Autumn,46.5
2026-09-25,30.2,17.8,0.0,3.0,17.4,33.5,3,Al Khmissat,33.81,-6.06,2026-09-19,Normal / Pleasant,Dry,Moderate,12.399999999999999,2026,9,25,Friday,Autumn,36.0
2026-09-19,34.4,19.4,0.0,5.0,14.8,27.0,3,Al ’Attawia,31.83,-7.31,2026-09-19,Warm,Dry,Calm / Light,15.0,2026,9,19,Saturday,Autumn,30.75
2026-09-20,36.3,22.0,0.3,13.0,21.3,39.6,80,Al ’Attawia,31.83,-7.31,2026-09-19,Warm,Light,Moderate,14.299999999999997,2026,9,20,Sunday,Autumn,52.5
2026-09-21,35.8,21.5,0.0,0.0,16.5,30.2,2,Al ’Attawia,31.83,-7.31,2026-09-19,Warm,Dry,Moderate,14.299999999999997,2026,9,21,Monday,Autumn,46.5
2026-09-22,35.4,20.9,0.0,0.0,13.7,27.0,1,Al ’Attawia,31.83,-7.31,2026-09-19,Warm,Dry,Calm / Light,14.5,2026,9,22,Tuesday,Autumn,30.75
2026-09-23,35.6,19.0,0.0,0.0,14.3,27.0,0,Al ’Attawia,31.83,-7.31,2026-09-19,Warm,Dry,Calm / Light,16.6,2026,9,23,Wednesday,Autumn,30.75
2026-09-24,35.7,14.9,0.0,3.0,13.8,25.6,3,Al ’Attawia,31.83,-7.31,2026-09-19,Warm,Dry,Calm / Light,20.800000000000004,2026,9,24,Thursday,Autumn,30.75
2026-09-25,32.5,17.9,0.0,12.0,13.4,24.1,3,Al ’Attawia,31.83,-7.31,2026-09-19,Warm,Dry,Calm / Light,14.600000000000001,2026,9,25,Friday,Autumn,20.25
2026-09-19,30.3,20.8,2.7,53.0,24.9,39.2,80,Arfoud,31.4361,-4.2328,2026-09-19,Normal / Pleasant,Moderate,Moderate,9.5,2026,9,19,Saturday,Autumn,48.0
2026-09-20,31.1,20.2,0.0,10.0,15.0,37.1,3,Arfoud,31.4361,-4.2328,2026-09-19,Normal / Pleasant,Dry,Moderate,10.900000000000002,2026,9,20,Sunday,Autumn,36.0
2026-09-21,33.9,21.1,0.0,13.0,13.9,23.4,3,Arfoud,31.4361,-4.2328,2026-09-19,Warm,Dry,Calm / Light,12.799999999999997,2026,9,21,Monday,Autumn,30.75
2026-09-22,31.5,20.3,0.0,6.0,15.1,23.8,3,Arfoud,31.4361,-4.2328,2026-09-19,Normal / Pleasant,Dry,Moderate,11.2,2026,9,22,Tuesday,Autumn,20.25
2026-09-23,31.7,19.1,0.0,3.0,12.4,20.2,1,Arfoud,31.4361,-4.2328,2026-09-19,Normal / Pleasant,Dry,Calm / Light,12.599999999999998,2026,9,23,Wednesday,Autumn,20.25
2026-09-24,32.1,20.3,0.0,0.0,7.2,11.5,2,Arfoud,31.4361,-4.2328,2026-09-19,Warm,Dry,Calm / Light,11.8,2026,9,24,Thursday,Autumn,20.25
2026-09-25,32.1,21.1,0.3,3.0,12.3,22.0,3,Arfoud,31.4361,-4.2328,2026-09-19,Warm,Light,Calm / Light,11.0,2026,9,25,Friday,Autumn,26.25
2026-09-19,29.1,22.8,0.0,0.0,34.3,63.0,1,Asilah,35.4667,-6.0333,2026-09-19,Normal / Pleasant,Dry,Strong,6.300000000000001,2026,9,19,Saturday,Autumn,60.75
2026-09-20,30.4,24.3,0.0,0.0,27.2,50.4,1,Asilah,35.4667,-6.0333,2026-09-19,Normal / Pleasant,Dry,Strong,6.099999999999998,2026,9,20,Sunday,Autumn,51.75
2026-09-21,30.9,23.7,0.0,0.0,25.4,46.4,1,Asilah,35.4667,-6.0333,2026-09-19,Normal / Pleasant,Dry,Strong,7.199999999999999,2026,9,21,Monday,Autumn,51.75
2026-09-22,30.6,21.9,0.0,0.0,18.8,36.4,0,Asilah,35.4667,-6.0333,2026-09-19,Normal / Pleasant,Dry,Moderate,8.700000000000003,2026,9,22,Tuesday,Autumn,36.0
2026-09-23,30.6,21.4,0.0,0.0,17.3,32.8,0,Asilah,35.4667,-6.0333,2026-09-19,Normal / Pleasant,Dry,Moderate,9.200000000000003,2026,9,23,Wednesday,Autumn,36.0
2026-09-24,34.7,21.7,0.0,0.0,13.3,25.9,1,Asilah,35.4667,-6.0333,2026-09-19,Warm,Dry,Calm / Light,13.000000000000004,2026,9,24,Thursday,Autumn,30.75
2026-09-25,28.5,20.2,0.0,0.0,12.2,24.5,3,Asilah,35.4667,-6.0333,2026-09-19,Normal / Pleasant,Dry,Calm / Light,8.3,2026,9,25,Friday,Autumn,20.25
2026-09-19,26.9,18.9,0.0,0.0,16.8,31.3,45,Azemmour,33.2833,-8.3333,2026-09-19,Normal / Pleasant,Dry,Moderate,8.0,2026,9,19,Saturday,Autumn,23.75
2026-09-20,28.2,18.9,0.0,0.0,13.7,25.6,45,Azemmour,33.2833,-8.3333,2026-09-19,Normal / Pleasant,Dry,Calm / Light,9.3,2026,9,20,Sunday,Autumn,20.25
2026-09-21,28.5,20.6,0.0,0.0,14.2,27.0,45,Azemmour,33.2833,-8.3333,2026-09-19,Normal / Pleasant,Dry,Calm / Light,7.899999999999999,2026,9,21,Monday,Autumn,20.25
2026-09-22,27.0,20.2,0.0,0.0,13.1,24.8,45,Azemmour,33.2833,-8.3333,2026-09-19,Normal / Pleasant,Dry,Calm / Light,6.800000000000001,2026,9,22,Tuesday,Autumn,8.0
2026-09-23,27.5,20.0,0.0,0.0,12.9,24.5,45,Azemmour,33.2833,-8.3333,2026-09-19,Normal / Pleasant,Dry,Calm / Light,7.5,2026,9,23,Wednesday,Autumn,8.0
2026-09-24,27.2,20.1,0.0,0.0,12.4,25.2,45,Azemmour,33.2833,-8.3333,2026-09-19,Normal / Pleasant,Dry,Calm / Light,7.099999999999998,2026,9,24,Thursday,Autumn,8.0
2026-09-25,25.3,20.1,0.0,0.0,11.5,24.8,3,Azemmour,33.2833,-8.3333,2026-09-19,Normal / Pleasant,Dry,Calm / Light,5.199999999999999,2026,9,25,Friday,Autumn,8.0
2026-09-19,28.9,18.3,0.2,20.0,20.9,43.6,80,Aziylal,31.96,-6.56,2026-09-19,Normal / Pleasant,Light,Moderate,10.599999999999998,2026,9,19,Saturday,Autumn,42.0
2026-09-20,28.7,19.9,0.2,15.0,16.2,38.2,3,Aziylal,31.96,-6.56,2026-09-19,Normal / Pleasant,Light,Moderate,8.8,2026,9,20,Sunday,Autumn,42.0
2026-09-21,27.6,19.0,0.0,3.0,19.0,39.6,3,Aziylal,31.96,-6.56,2026-09-19,Normal / Pleasant,Dry,Moderate,8.600000000000001,2026,9,21,Monday,Autumn,23.75
2026-09-22,28.4,17.8,0.0,0.0,19.1,39.6,1,Aziylal,31.96,-6.56,2026-09-19,Normal / Pleasant,Dry,Moderate,10.599999999999998,2026,9,22,Tuesday,Autumn,36.0
2026-09-23,28.8,16.9,0.0,0.0,17.7,37.4,0,Aziylal,31.96,-6.56,2026-09-19,Normal / Pleasant,Dry,Moderate,11.900000000000002,2026,9,23,Wednesday,Autumn,36.0
2026-09-24,29.0,17.0,0.0,3.0,20.9,43.6,0,Aziylal,31.96,-6.56,2026-09-19,Normal / Pleasant,Dry,Moderate,12.0,2026,9,24,Thursday,Autumn,36.0
2026-09-25,27.3,17.2,0.3,10.0,15.2,35.3,3,Aziylal,31.96,-6.56,2026-09-19,Normal / Pleasant,Light,Moderate,10.100000000000001,2026,9,25,Friday,Autumn,29.75
2026-09-19,28.5,18.9,0.4,38.0,17.3,45.4,80,Azrou,33.4344,-5.2213,2026-09-19,Normal / Pleasant,Light,Moderate,9.600000000000001,2026,9,19,Saturday,Autumn,57.75
2026-09-20,29.0,18.0,0.0,3.0,20.6,45.4,3,Azrou,33.4344,-5.2213,2026-09-19,Normal / Pleasant,Dry,Moderate,11.0,2026,9,20,Sunday,Autumn,51.75
2026-09-21,28.3,17.1,0.0,0.0,18.7,41.8,2,Azrou,33.4344,-5.2213,2026-09-19,Normal / Pleasant,Dry,Moderate,11.2,2026,9,21,Monday,Autumn,36.0
2026-09-22,27.2,15.0,0.0,0.0,15.5,38.2,0,Azrou,33.4344,-5.2213,2026-09-19,Normal / Pleasant,Dry,Moderate,12.2,2026,9,22,Tuesday,Autumn,23.75
2026-09-23,28.4,15.8,0.0,0.0,10.8,28.1,0,Azrou,33.4344,-5.2213,2026-09-19,Normal / Pleasant,Dry,Calm / Light,12.599999999999998,2026,9,23,Wednesday,Autumn,20.25
2026-09-24,28.8,18.2,0.0,0.0,15.5,36.7,2,Azrou,33.4344,-5.2213,2026-09-19,Normal / Pleasant,Dry,Moderate,10.600000000000001,2026,9,24,Thursday,Autumn,36.0
2026-09-25,28.4,18.2,0.0,5.0,15.1,40.7,3,Azrou,33.4344,-5.2213,2026-09-19,Normal / Pleasant,Dry,Moderate,10.2,2026,9,25,Friday,Autumn,36.0
2026-09-19,27.1,17.6,0.0,0.0,12.1,33.5,45,Aïn Harrouda,33.6372,-7.4483,2026-09-19,Normal / Pleasant,Dry,Calm / Light,9.5,2026,9,19,Saturday,Autumn,23.75
2026-09-20,30.3,19.3,0.0,0.0,11.5,31.3,45,Aïn Harrouda,33.6372,-7.4483,2026-09-19,Normal / Pleasant,Dry,Calm / Light,11.0,2026,9,20,Sunday,Autumn,36.0
2026-09-21,29.5,20.2,0.0,0.0,12.0,33.1,45,Aïn Harrouda,33.6372,-7.4483,2026-09-19,Normal / Pleasant,Dry,Calm / Light,9.3,2026,9,21,Monday,Autumn,36.0
2026-09-22,29.7,20.2,0.0,0.0,11.4,32.0,0,Aïn Harrouda,33.6372,-7.4483,2026-09-19,Normal / Pleasant,Dry,Calm / Light,9.5,2026,9,22,Tuesday,Autumn,36.0
2026-09-23,28.7,18.0,0.0,0.0,11.9,31.7,45,Aïn Harrouda,33.6372,-7.4483,2026-09-19,Normal / Pleasant,Dry,Calm / Light,10.7,2026,9,23,Wednesday,Autumn,36.0
2026-09-24,28.2,18.7,0.0,0.0,11.8,27.4,45,Aïn Harrouda,33.6372,-7.4483,2026-09-19,Normal / Pleasant,Dry,Calm / Light,9.5,2026,9,24,Thursday,Autumn,20.25
2026-09-25,26.0,20.0,0.0,0.0,12.3,30.6,45,Aïn Harrouda,33.6372,-7.4483,2026-09-19,Normal / Pleasant,Dry,Calm / Light,6.0,2026,9,25,Friday,Autumn,23.75
2026-09-19,33.4,18.8,0.0,5.0,18.7,36.4,2,Aïn Taoujdat,33.9333,-5.2167,2026-09-19,Warm,Dry,Moderate,14.599999999999998,2026,9,19,Saturday,Autumn,46.5
2026-09-20,35.1,19.3,0.0,0.0,14.7,28.8,0,Aïn Taoujdat,33.9333,-5.2167,2026-09-19,Warm,Dry,Calm / Light,15.8,2026,9,20,Sunday,Autumn,30.75
2026-09-21,34.0,19.8,0.0,0.0,13.5,26.6,1,Aïn Taoujdat,33.9333,-5.2167,2026-09-19,Warm,Dry,Calm / Light,14.2,2026,9,21,Monday,Autumn,30.75
2026-09-22,32.8,18.8,0.0,0.0,13.1,25.2,0,Aïn Taoujdat,33.9333,-5.2167,2026-09-19,Warm,Dry,Calm / Light,13.999999999999996,2026,9,22,Tuesday,Autumn,20.25
2026-09-23,33.9,17.4,0.0,0.0,12.5,24.5,0,Aïn Taoujdat,33.9333,-5.2167,2026-09-19,Warm,Dry,Calm / Light,16.5,2026,9,23,Wednesday,Autumn,30.75
2026-09-24,35.6,18.7,0.0,0.0,17.3,33.1,2,Aïn Taoujdat,33.9333,-5.2167,2026-09-19,Warm,Dry,Moderate,16.900000000000002,2026,9,24,Thursday,Autumn,46.5
2026-09-25,32.7,18.9,0.0,3.0,18.4,34.2,3,Aïn Taoujdat,33.9333,-5.2167,2026-09-19,Warm,Dry,Moderate,13.800000000000004,2026,9,25,Friday,Autumn,36.0
2026-09-19,33.3,16.9,0.0,0.0,17.4,32.0,2,Barrechid,33.27,-7.5872,2026-09-19,Warm,Dry,Moderate,16.4,2026,9,19,Saturday,Autumn,46.5
2026-09-20,36.1,18.9,0.0,0.0,19.5,35.6,2,Barrechid,33.27,-7.5872,2026-09-19,Warm,Dry,Moderate,17.200000000000003,2026,9,20,Sunday,Autumn,46.5
2026-09-21,36.3,19.5,0.0,0.0,18.2,33.5,45,Barrechid,33.27,-7.5872,2026-09-19,Warm,Dry,Moderate,16.799999999999997,2026,9,21,Monday,Autumn,46.5
2026-09-22,35.8,18.5,0.0,0.0,18.4,33.8,1,Barrechid,33.27,-7.5872,2026-09-19,Warm,Dry,Moderate,17.299999999999997,2026,9,22,Tuesday,Autumn,46.5
2026-09-23,35.0,17.4,0.0,0.0,17.2,33.1,45,Barrechid,33.27,-7.5872,2026-09-19,Warm,Dry,Moderate,17.6,2026,9,23,Wednesday,Autumn,46.5
2026-09-24,34.3,17.1,0.0,0.0,19.1,34.9,45,Barrechid,33.27,-7.5872,2026-09-19,Warm,Dry,Moderate,17.199999999999996,2026,9,24,Thursday,Autumn,46.5
2026-09-25,29.0,19.2,0.0,3.0,16.1,31.3,45,Barrechid,33.27,-7.5872,2026-09-19,Normal / Pleasant,Dry,Moderate,9.8,2026,9,25,Friday,Autumn,36.0
2026-09-19,34.8,19.6,0.0,0.0,17.1,34.9,3,Ben Guerir,32.23,-7.95,2026-09-19,Warm,Dry,Moderate,15.199999999999996,2026,9,19,Saturday,Autumn,46.5
2026-09-20,35.6,23.1,0.0,8.0,19.7,40.3,2,Ben Guerir,32.23,-7.95,2026-09-19,Warm,Dry,Moderate,12.5,2026,9,20,Sunday,Autumn,46.5
2026-09-21,37.2,23.3,0.0,0.0,19.3,39.2,2,Ben Guerir,32.23,-7.95,2026-09-19,Very Warm / Heatwave,Dry,Moderate,13.900000000000002,2026,9,21,Monday,Autumn,55.25
2026-09-22,36.4,21.6,0.0,0.0,16.4,32.8,3,Ben Guerir,32.23,-7.95,2026-09-19,Warm,Dry,Moderate,14.799999999999997,2026,9,22,Tuesday,Autumn,46.5
2026-09-23,36.1,19.3,0.0,0.0,11.5,24.5,0,Ben Guerir,32.23,-7.95,2026-09-19,Warm,Dry,Calm / Light,16.8,2026,9,23,Wednesday,Autumn,30.75
2026-09-24,36.5,20.9,0.0,0.0,20.1,35.6,3,Ben Guerir,32.23,-7.95,2026-09-19,Warm,Dry,Moderate,15.600000000000001,2026,9,24,Thursday,Autumn,46.5
2026-09-25,32.2,20.2,0.0,0.0,19.3,34.9,3,Ben Guerir,32.23,-7.95,2026-09-19,Warm,Dry,Moderate,12.000000000000004,2026,9,25,Friday,Autumn,36.0
2026-09-19,28.4,16.2,0.0,0.0,16.5,31.0,2,Beni Yakhlef,33.6555,-7.3221,2026-09-19,Normal / Pleasant,Dry,Moderate,12.2,2026,9,19,Saturday,Autumn,36.0
2026-09-20,32.2,18.6,0.0,0.0,15.7,29.5,1,Beni Yakhlef,33.6555,-7.3221,2026-09-19,Warm,Dry,Moderate,13.600000000000001,2026,9,20,Sunday,Autumn,20.25
2026-09-21,31.5,19.8,0.0,0.0,17.0,31.7,1,Beni Yakhlef,33.6555,-7.3221,2026-09-19,Normal / Pleasant,Dry,Moderate,11.7,2026,9,21,Monday,Autumn,36.0
2026-09-22,31.6,19.3,0.0,0.0,16.3,31.0,0,Beni Yakhlef,33.6555,-7.3221,2026-09-19,Normal / Pleasant,Dry,Moderate,12.3,2026,9,22,Tuesday,Autumn,36.0
2026-09-23,30.7,17.1,0.0,0.0,16.8,31.7,1,Beni Yakhlef,33.6555,-7.3221,2026-09-19,Normal / Pleasant,Dry,Moderate,13.599999999999998,2026,9,23,Wednesday,Autumn,36.0
2026-09-24,30.7,17.4,0.0,0.0,14.7,28.1,45,Beni Yakhlef,33.6555,-7.3221,2026-09-19,Normal / Pleasant,Dry,Calm / Light,13.3,2026,9,24,Thursday,Autumn,20.25
2026-09-25,27.0,19.3,0.0,0.0,15.6,30.6,45,Beni Yakhlef,33.6555,-7.3221,2026-09-19,Normal / Pleasant,Dry,Moderate,7.699999999999999,2026,9,25,Friday,Autumn,23.75
2026-09-19,26.6,20.4,0.3,13.0,21.0,43.2,3,Berkane,34.9167,-2.3167,2026-09-19,Normal / Pleasant,Light,Moderate,6.200000000000003,2026,9,19,Saturday,Autumn,29.75
2026-09-20,27.4,20.7,0.0,3.0,18.4,39.2,45,Berkane,34.9167,-2.3167,2026-09-19,Normal / Pleasant,Dry,Moderate,6.699999999999999,2026,9,20,Sunday,Autumn,23.75
2026-09-21,26.7,19.4,0.0,13.0,21.2,43.2,45,Berkane,34.9167,-2.3167,2026-09-19,Normal / Pleasant,Dry,Moderate,7.300000000000001,2026,9,21,Monday,Autumn,23.75
2026-09-22,26.8,16.4,0.0,0.0,15.3,35.3,2,Berkane,34.9167,-2.3167,2026-09-19,Normal / Pleasant,Dry,Moderate,10.400000000000002,2026,9,22,Tuesday,Autumn,23.75
2026-09-23,27.1,17.6,0.0,0.0,14.7,32.8,1,Berkane,34.9167,-2.3167,2026-09-19,Normal / Pleasant,Dry,Calm / Light,9.5,2026,9,23,Wednesday,Autumn,23.75
2026-09-24,30.1,19.5,0.0,0.0,14.0,27.0,1,Berkane,34.9167,-2.3167,2026-09-19,Normal / Pleasant,Dry,Calm / Light,10.600000000000001,2026,9,24,Thursday,Autumn,20.25
2026-09-25,30.6,20.6,0.0,0.0,12.0,24.1,3,Berkane,34.9167,-2.3167,2026-09-19,Normal / Pleasant,Dry,Calm / Light,10.0,2026,9,25,Friday,Autumn,20.25
2026-09-19,27.7,19.6,0.0,0.0,21.3,35.6,2,Biougra,30.2144,-9.3708,2026-09-19,Normal / Pleasant,Dry,Moderate,8.099999999999998,2026,9,19,Saturday,Autumn,23.75
2026-09-20,28.8,19.7,0.0,0.0,19.1,32.8,2,Biougra,30.2144,-9.3708,2026-09-19,Normal / Pleasant,Dry,Moderate,9.100000000000001,2026,9,20,Sunday,Autumn,36.0
2026-09-21,39.5,22.3,0.0,0.0,18.8,32.4,3,Biougra,30.2144,-9.3708,2026-09-19,Very Warm / Heatwave,Dry,Moderate,17.2,2026,9,21,Monday,Autumn,55.25
2026-09-22,38.1,23.0,0.0,0.0,22.1,41.8,2,Biougra,30.2144,-9.3708,2026-09-19,Very Warm / Heatwave,Dry,Moderate,15.100000000000001,2026,9,22,Tuesday,Autumn,55.25
2026-09-23,37.1,21.8,0.0,0.0,22.1,38.9,0,Biougra,30.2144,-9.3708,2026-09-19,Very Warm / Heatwave,Dry,Moderate,15.3,2026,9,23,Wednesday,Autumn,55.25
2026-09-24,37.8,19.0,0.0,0.0,22.8,38.5,3,Biougra,30.2144,-9.3708,2026-09-19,Very Warm / Heatwave,Dry,Moderate,18.799999999999997,2026,9,24,Thursday,Autumn,55.25
2026-09-25,28.1,19.9,0.0,0.0,24.4,41.0,45,Biougra,30.2144,-9.3708,2026-09-19,Normal / Pleasant,Dry,Moderate,8.200000000000003,2026,9,25,Friday,Autumn,36.0
2026-09-19,27.2,18.3,0.0,0.0,16.9,33.8,45,Bir Jdid,33.3737,-8.0002,2026-09-19,Normal / Pleasant,Dry,Moderate,8.899999999999999,2026,9,19,Saturday,Autumn,23.75
2026-09-20,31.0,20.0,0.0,0.0,15.5,31.0,45,Bir Jdid,33.3737,-8.0002,2026-09-19,Normal / Pleasant,Dry,Moderate,11.0,2026,9,20,Sunday,Autumn,36.0
2026-09-21,29.4,20.1,0.0,0.0,14.8,28.8,45,Bir Jdid,33.3737,-8.0002,2026-09-19,Normal / Pleasant,Dry,Calm / Light,9.299999999999997,2026,9,21,Monday,Autumn,20.25
2026-09-22,29.1,18.6,0.0,0.0,15.1,29.9,45,Bir Jdid,33.3737,-8.0002,2026-09-19,Normal / Pleasant,Dry,Moderate,10.5,2026,9,22,Tuesday,Autumn,20.25
2026-09-23,29.3,19.1,0.0,0.0,14.2,28.4,45,Bir Jdid,33.3737,-8.0002,2026-09-19,Normal / Pleasant,Dry,Calm / Light,10.2,2026,9,23,Wednesday,Autumn,20.25
2026-09-24,28.6,18.4,0.0,0.0,14.7,28.4,45,Bir Jdid,33.3737,-8.0002,2026-09-19,Normal / Pleasant,Dry,Calm / Light,10.200000000000003,2026,9,24,Thursday,Autumn,20.25
2026-09-25,25.6,19.2,0.0,0.0,14.5,28.4,45,Bir Jdid,33.3737,-8.0002,2026-09-19,Normal / Pleasant,Dry,Calm / Light,6.400000000000002,2026,9,25,Friday,Autumn,8.0
2026-09-19,26.1,19.0,1.1,75.0,17.2,31.3,80,Bou Arfa,32.531,-1.9631,2026-09-19,Normal / Pleasant,Moderate,Moderate,7.100000000000001,2026,9,19,Saturday,Autumn,35.75
2026-09-20,26.7,16.0,2.7,28.0,29.2,50.0,80,Bou Arfa,32.531,-1.9631,2026-09-19,Normal / Pleasant,Moderate,Strong,10.7,2026,9,20,Sunday,Autumn,51.5
2026-09-21,26.3,15.6,0.0,0.0,17.6,27.7,3,Bou Arfa,32.531,-1.9631,2026-09-19,Normal / Pleasant,Dry,Moderate,10.700000000000001,2026,9,21,Monday,Autumn,8.0
2026-09-22,25.7,15.2,0.0,0.0,17.7,27.7,3,Bou Arfa,32.531,-1.9631,2026-09-19,Normal / Pleasant,Dry,Moderate,10.5,2026,9,22,Tuesday,Autumn,8.0
2026-09-23,27.0,15.3,0.0,0.0,14.8,25.2,2,Bou Arfa,32.531,-1.9631,2026-09-19,Normal / Pleasant,Dry,Calm / Light,11.7,2026,9,23,Wednesday,Autumn,8.0
2026-09-24,29.0,15.0,0.0,0.0,8.6,13.0,2,Bou Arfa,32.531,-1.9631,2026-09-19,Normal / Pleasant,Dry,Calm / Light,14.0,2026,9,24,Thursday,Autumn,20.25
2026-09-25,29.4,16.5,0.0,3.0,14.2,22.7,3,Bou Arfa,32.531,-1.9631,2026-09-19,Normal / Pleasant,Dry,Calm / Light,12.899999999999999,2026,9,25,Friday,Autumn,20.25
2026-09-19,35.0,20.6,0.0,0.0,21.2,38.2,2,Boujad,32.7741,-6.3925,2026-09-19,Warm,Dry,Moderate,14.399999999999999,2026,9,19,Saturday,Autumn,46.5
2026-09-20,36.1,21.7,0.0,3.0,22.1,45.0,3,Boujad,32.7741,-6.3925,2026-09-19,Warm,Dry,Moderate,14.400000000000002,2026,9,20,Sunday,Autumn,46.5
2026-09-21,34.8,21.4,0.0,0.0,21.3,40.3,3,Boujad,32.7741,-6.3925,2026-09-19,Warm,Dry,Moderate,13.399999999999999,2026,9,21,Monday,Autumn,46.5
2026-09-22,34.6,20.7,0.0,0.0,14.0,30.2,2,Boujad,32.7741,-6.3925,2026-09-19,Warm,Dry,Calm / Light,13.900000000000002,2026,9,22,Tuesday,Autumn,46.5
2026-09-23,34.6,19.5,0.0,0.0,13.8,24.8,0,Boujad,32.7741,-6.3925,2026-09-19,Warm,Dry,Calm / Light,15.100000000000001,2026,9,23,Wednesday,Autumn,30.75
2026-09-24,34.1,20.6,0.0,0.0,12.8,31.7,2,Boujad,32.7741,-6.3925,2026-09-19,Warm,Dry,Calm / Light,13.5,2026,9,24,Thursday,Autumn,46.5
2026-09-25,32.9,20.0,0.0,0.0,17.4,33.8,3,Boujad,32.7741,-6.3925,2026-09-19,Warm,Dry,Moderate,12.899999999999999,2026,9,25,Friday,Autumn,36.0
2026-09-19,29.6,18.1,0.0,0.0,16.7,28.8,1,Bouknadel,34.1766,-6.6893,2026-09-19,Normal / Pleasant,Dry,Moderate,11.5,2026,9,19,Saturday,Autumn,20.25
2026-09-20,31.8,19.9,0.0,0.0,13.2,24.5,0,Bouknadel,34.1766,-6.6893,2026-09-19,Normal / Pleasant,Dry,Calm / Light,11.900000000000002,2026,9,20,Sunday,Autumn,20.25
2026-09-21,29.2,20.6,0.0,0.0,13.8,24.1,1,Bouknadel,34.1766,-6.6893,2026-09-19,Normal / Pleasant,Dry,Calm / Light,8.599999999999998,2026,9,21,Monday,Autumn,20.25
2026-09-22,28.7,20.2,0.0,0.0,13.2,23.8,0,Bouknadel,34.1766,-6.6893,2026-09-19,Normal / Pleasant,Dry,Calm / Light,8.5,2026,9,22,Tuesday,Autumn,20.25
2026-09-23,27.2,18.9,0.0,0.0,12.2,21.6,0,Bouknadel,34.1766,-6.6893,2026-09-19,Normal / Pleasant,Dry,Calm / Light,8.3,2026,9,23,Wednesday,Autumn,8.0
2026-09-24,28.1,18.5,0.0,0.0,10.9,26.3,45,Bouknadel,34.1766,-6.6893,2026-09-19,Normal / Pleasant,Dry,Calm / Light,9.600000000000001,2026,9,24,Thursday,Autumn,20.25
2026-09-25,25.9,20.0,0.0,0.0,10.7,26.3,45,Bouknadel,34.1766,-6.6893,2026-09-19,Normal / Pleasant,Dry,Calm / Light,5.899999999999999,2026,9,25,Friday,Autumn,8.0
2026-09-19,29.8,18.4,0.0,0.0,14.3,36.4,45,Bouskoura,33.4489,-7.6486,2026-09-19,Normal / Pleasant,Dry,Calm / Light,11.400000000000002,2026,9,19,Saturday,Autumn,36.0
2026-09-20,33.5,20.3,0.0,0.0,14.9,37.4,45,Bouskoura,33.4489,-7.6486,2026-09-19,Warm,Dry,Calm / Light,13.2,2026,9,20,Sunday,Autumn,46.5
2026-09-21,33.4,19.7,0.0,0.0,13.5,34.6,45,Bouskoura,33.4489,-7.6486,2026-09-19,Warm,Dry,Calm / Light,13.7,2026,9,21,Monday,Autumn,46.5
2026-09-22,33.1,19.4,0.0,0.0,14.6,36.0,45,Bouskoura,33.4489,-7.6486,2026-09-19,Warm,Dry,Calm / Light,13.700000000000003,2026,9,22,Tuesday,Autumn,46.5
2026-09-23,32.4,17.6,0.0,0.0,13.1,34.2,45,Bouskoura,33.4489,-7.6486,2026-09-19,Warm,Dry,Calm / Light,14.799999999999997,2026,9,23,Wednesday,Autumn,36.0
2026-09-24,28.6,18.3,0.0,0.0,11.3,30.2,45,Bouskoura,33.4489,-7.6486,2026-09-19,Normal / Pleasant,Dry,Calm / Light,10.3,2026,9,24,Thursday,Autumn,36.0
2026-09-25,25.7,19.2,0.0,0.0,12.0,33.1,45,Bouskoura,33.4489,-7.6486,2026-09-19,Normal / Pleasant,Dry,Calm / Light,6.5,2026,9,25,Friday,Autumn,23.75
2026-09-19,35.0,22.7,0.0,5.0,16.5,40.7,3,Béni Mellal,32.3394,-6.3608,2026-09-19,Warm,Dry,Moderate,12.3,2026,9,19,Saturday,Autumn,46.5
2026-09-20,36.1,24.3,0.0,8.0,20.2,49.3,3,Béni Mellal,32.3394,-6.3608,2026-09-19,Warm,Dry,Moderate,11.8,2026,9,20,Sunday,Autumn,62.25
2026-09-21,34.6,24.0,0.0,0.0,15.0,40.7,3,Béni Mellal,32.3394,-6.3608,2026-09-19,Warm,Dry,Moderate,10.600000000000001,2026,9,21,Monday,Autumn,46.5
2026-09-22,34.4,23.7,0.0,0.0,17.0,34.9,1,Béni Mellal,32.3394,-6.3608,2026-09-19,Warm,Dry,Moderate,10.7,2026,9,22,Tuesday,Autumn,46.5
2026-09-23,34.9,22.4,0.0,0.0,15.4,32.8,0,Béni Mellal,32.3394,-6.3608,2026-09-19,Warm,Dry,Moderate,12.5,2026,9,23,Wednesday,Autumn,46.5
2026-09-24,36.0,24.8,0.0,3.0,17.4,32.8,1,Béni Mellal,32.3394,-6.3608,2026-09-19,Warm,Dry,Moderate,11.2,2026,9,24,Thursday,Autumn,46.5
2026-09-25,33.7,24.1,0.0,7.0,10.8,25.2,3,Béni Mellal,32.3394,-6.3608,2026-09-19,Warm,Dry,Calm / Light,9.600000000000001,2026,9,25,Friday,Autumn,30.75
2026-09-19,24.8,20.0,0.0,0.0,22.2,42.5,3,Cabo Bojador,26.1269,-14.4992,2026-09-19,Cool / Mild,Dry,Moderate,4.800000000000001,2026,9,19,Saturday,Autumn,23.75
2026-09-20,27.5,18.9,0.0,0.0,26.2,47.9,1,Cabo Bojador,26.1269,-14.4992,2026-09-19,Normal / Pleasant,Dry,Strong,8.600000000000001,2026,9,20,Sunday,Autumn,39.5
2026-09-21,27.0,20.3,0.0,1.0,26.4,47.9,2,Cabo Bojador,26.1269,-14.4992,2026-09-19,Normal / Pleasant,Dry,Strong,6.699999999999999,2026,9,21,Monday,Autumn,39.5
2026-09-22,26.6,20.7,0.0,2.0,26.9,49.0,1,Cabo Bojador,26.1269,-14.4992,2026-09-19,Normal / Pleasant,Dry,Strong,5.900000000000002,2026,9,22,Tuesday,Autumn,39.5
2026-09-23,28.4,20.5,0.0,2.0,24.6,46.1,0,Cabo Bojador,26.1269,-14.4992,2026-09-19,Normal / Pleasant,Dry,Moderate,7.899999999999999,2026,9,23,Wednesday,Autumn,51.75
2026-09-24,34.1,23.5,0.0,2.0,30.6,51.5,1,Cabo Bojador,26.1269,-14.4992,2026-09-19,Warm,Dry,Strong,10.600000000000001,2026,9,24,Thursday,Autumn,62.25
2026-09-25,29.7,23.7,0.0,4.0,30.2,51.1,3,Cabo Bojador,26.1269,-14.4992,2026-09-19,Normal / Pleasant,Dry,Strong,6.0,2026,9,25,Friday,Autumn,51.75
2026-09-19,26.5,19.4,0.0,0.0,11.5,32.4,45,Casablanca,33.5992,-7.62,2026-09-19,Normal / Pleasant,Dry,Calm / Light,7.100000000000001,2026,9,19,Saturday,Autumn,23.75
2026-09-20,29.4,20.4,0.0,0.0,10.4,30.6,45,Casablanca,33.5992,-7.62,2026-09-19,Normal / Pleasant,Dry,Calm / Light,9.0,2026,9,20,Sunday,Autumn,36.0
2026-09-21,29.0,20.9,0.0,0.0,10.6,31.7,45,Casablanca,33.5992,-7.62,2026-09-19,Normal / Pleasant,Dry,Calm / Light,8.100000000000001,2026,9,21,Monday,Autumn,36.0
2026-09-22,28.8,20.5,0.0,0.0,10.4,30.6,45,Casablanca,33.5992,-7.62,2026-09-19,Normal / Pleasant,Dry,Calm / Light,8.3,2026,9,22,Tuesday,Autumn,36.0
2026-09-23,28.0,18.9,0.0,0.0,10.2,29.9,45,Casablanca,33.5992,-7.62,2026-09-19,Normal / Pleasant,Dry,Calm / Light,9.100000000000001,2026,9,23,Wednesday,Autumn,8.0
2026-09-24,29.4,19.1,0.0,0.0,11.3,30.2,45,Casablanca,33.5992,-7.62,2026-09-19,Normal / Pleasant,Dry,Calm / Light,10.299999999999997,2026,9,24,Thursday,Autumn,36.0
2026-09-25,26.5,20.0,0.0,0.0,12.0,33.1,45,Casablanca,33.5992,-7.62,2026-09-19,Normal / Pleasant,Dry,Calm / Light,6.5,2026,9,25,Friday,Autumn,23.75
2026-09-19,34.8,19.4,0.0,0.0,19.4,32.4,2,Chichaoua,31.5333,-8.7667,2026-09-19,Warm,Dry,Moderate,15.399999999999999,2026,9,19,Saturday,Autumn,46.5
2026-09-20,34.4,22.0,0.0,8.0,22.4,36.7,2,Chichaoua,31.5333,-8.7667,2026-09-19,Warm,Dry,Moderate,12.399999999999999,2026,9,20,Sunday,Autumn,46.5
2026-09-21,37.4,22.1,0.0,0.0,24.3,39.2,3,Chichaoua,31.5333,-8.7667,2026-09-19,Very Warm / Heatwave,Dry,Moderate,15.299999999999997,2026,9,21,Monday,Autumn,55.25
2026-09-22,37.4,20.0,0.0,0.0,21.2,39.2,0,Chichaoua,31.5333,-8.7667,2026-09-19,Very Warm / Heatwave,Dry,Moderate,17.4,2026,9,22,Tuesday,Autumn,55.25
2026-09-23,36.5,18.0,0.0,0.0,19.4,34.6,1,Chichaoua,31.5333,-8.7667,2026-09-19,Warm,Dry,Moderate,18.5,2026,9,23,Wednesday,Autumn,46.5
2026-09-24,37.0,18.6,0.0,0.0,19.6,36.4,3,Chichaoua,31.5333,-8.7667,2026-09-19,Very Warm / Heatwave,Dry,Moderate,18.4,2026,9,24,Thursday,Autumn,46.5
2026-09-25,32.3,21.2,0.0,0.0,20.9,35.6,3,Chichaoua,31.5333,-8.7667,2026-09-19,Warm,Dry,Moderate,11.099999999999998,2026,9,25,Friday,Autumn,36.0
2026-09-19,31.7,18.3,0.1,13.0,14.8,30.6,2,Demnat,31.7311,-7.0361,2026-09-19,Normal / Pleasant,Light,Calm / Light,13.399999999999999,2026,9,19,Saturday,Autumn,42.0
2026-09-20,32.9,22.1,0.2,15.0,17.4,33.8,3,Demnat,31.7311,-7.0361,2026-09-19,Warm,Light,Moderate,10.799999999999997,2026,9,20,Sunday,Autumn,42.0
2026-09-21,32.0,20.8,0.0,0.0,17.7,34.2,2,Demnat,31.7311,-7.0361,2026-09-19,Warm,Dry,Moderate,11.2,2026,9,21,Monday,Autumn,36.0
2026-09-22,32.1,20.4,0.0,0.0,16.2,32.0,2,Demnat,31.7311,-7.0361,2026-09-19,Warm,Dry,Moderate,11.700000000000003,2026,9,22,Tuesday,Autumn,36.0
2026-09-23,32.5,18.0,0.0,0.0,16.8,32.8,0,Demnat,31.7311,-7.0361,2026-09-19,Warm,Dry,Moderate,14.5,2026,9,23,Wednesday,Autumn,36.0
2026-09-24,32.6,15.2,0.0,5.0,15.4,30.2,3,Demnat,31.7311,-7.0361,2026-09-19,Warm,Dry,Moderate,17.400000000000002,2026,9,24,Thursday,Autumn,36.0
2026-09-25,29.9,16.7,0.0,14.0,15.8,30.2,3,Demnat,31.7311,-7.0361,2026-09-19,Normal / Pleasant,Dry,Moderate,13.2,2026,9,25,Friday,Autumn,36.0
2026-09-19,34.5,18.8,0.0,0.0,13.5,30.2,2,Douar Toulal,33.8951,-5.6021,2026-09-19,Warm,Dry,Calm / Light,15.7,2026,9,19,Saturday,Autumn,46.5
2026-09-20,35.9,20.9,0.0,0.0,13.2,30.2,1,Douar Toulal,33.8951,-5.6021,2026-09-19,Warm,Dry,Calm / Light,15.0,2026,9,20,Sunday,Autumn,46.5
2026-09-21,35.3,20.3,0.0,0.0,13.7,31.0,0,Douar Toulal,33.8951,-5.6021,2026-09-19,Warm,Dry,Calm / Light,14.999999999999996,2026,9,21,Monday,Autumn,46.5
2026-09-22,33.8,19.8,0.0,0.0,12.9,29.9,0,Douar Toulal,33.8951,-5.6021,2026-09-19,Warm,Dry,Calm / Light,13.999999999999996,2026,9,22,Tuesday,Autumn,30.75
2026-09-23,34.3,17.6,0.0,0.0,14.7,33.5,0,Douar Toulal,33.8951,-5.6021,2026-09-19,Warm,Dry,Calm / Light,16.699999999999996,2026,9,23,Wednesday,Autumn,46.5
2026-09-24,35.2,20.1,0.0,0.0,16.8,33.1,1,Douar Toulal,33.8951,-5.6021,2026-09-19,Warm,Dry,Moderate,15.100000000000001,2026,9,24,Thursday,Autumn,46.5
2026-09-25,31.7,18.6,0.0,3.0,19.7,37.4,3,Douar Toulal,33.8951,-5.6021,2026-09-19,Normal / Pleasant,Dry,Moderate,13.099999999999998,2026,9,25,Friday,Autumn,36.0
2026-09-19,30.4,18.9,0.8,28.0,24.4,44.3,80,El Aïoun,34.5726,-2.5127,2026-09-19,Normal / Pleasant,Light,Moderate,11.5,2026,9,19,Saturday,Autumn,42.0
2026-09-20,31.2,19.0,0.0,10.0,22.0,37.8,45,El Aïoun,34.5726,-2.5127,2026-09-19,Normal / Pleasant,Dry,Moderate,12.2,2026,9,20,Sunday,Autumn,36.0
2026-09-21,27.2,18.5,0.0,3.0,20.3,34.2,45,El Aïoun,34.5726,-2.5127,2026-09-19,Normal / Pleasant,Dry,Moderate,8.7,2026,9,21,Monday,Autumn,23.75
2026-09-22,29.5,13.8,0.0,0.0,16.1,30.6,45,El Aïoun,34.5726,-2.5127,2026-09-19,Normal / Pleasant,Dry,Moderate,15.7,2026,9,22,Tuesday,Autumn,36.0
2026-09-23,31.5,15.7,0.0,0.0,19.2,33.8,1,El Aïoun,34.5726,-2.5127,2026-09-19,Normal / Pleasant,Dry,Moderate,15.8,2026,9,23,Wednesday,Autumn,36.0
2026-09-24,34.4,17.7,0.0,0.0,17.7,28.8,1,El Aïoun,34.5726,-2.5127,2026-09-19,Warm,Dry,Moderate,16.7,2026,9,24,Thursday,Autumn,30.75
2026-09-25,33.2,18.6,0.0,0.0,16.6,28.8,3,El Aïoun,34.5726,-2.5127,2026-09-19,Warm,Dry,Moderate,14.600000000000001,2026,9,25,Friday,Autumn,30.75
2026-09-19,31.0,17.3,0.6,20.0,16.3,37.8,80,El Hajeb,33.6928,-5.3711,2026-09-19,Normal / Pleasant,Light,Moderate,13.7,2026,9,19,Saturday,Autumn,42.0
2026-09-20,32.3,19.7,0.0,0.0,18.0,38.2,2,El Hajeb,33.6928,-5.3711,2026-09-19,Warm,Dry,Moderate,12.599999999999998,2026,9,20,Sunday,Autumn,36.0
2026-09-21,31.4,20.5,0.0,0.0,17.7,37.4,1,El Hajeb,33.6928,-5.3711,2026-09-19,Normal / Pleasant,Dry,Moderate,10.899999999999999,2026,9,21,Monday,Autumn,36.0
2026-09-22,30.3,19.2,0.0,0.0,18.3,37.8,0,El Hajeb,33.6928,-5.3711,2026-09-19,Normal / Pleasant,Dry,Moderate,11.100000000000001,2026,9,22,Tuesday,Autumn,36.0
2026-09-23,31.6,19.1,0.0,0.0,15.9,33.8,0,El Hajeb,33.6928,-5.3711,2026-09-19,Normal / Pleasant,Dry,Moderate,12.5,2026,9,23,Wednesday,Autumn,36.0
2026-09-24,32.6,19.6,0.0,0.0,19.5,39.2,2,El Hajeb,33.6928,-5.3711,2026-09-19,Warm,Dry,Moderate,13.0,2026,9,24,Thursday,Autumn,36.0
2026-09-25,30.6,18.5,0.0,3.0,19.8,38.9,3,El Hajeb,33.6928,-5.3711,2026-09-19,Normal / Pleasant,Dry,Moderate,12.100000000000001,2026,9,25,Friday,Autumn,36.0
2026-09-19,25.4,20.1,0.0,0.0,16.2,29.9,2,El Jadid,33.2566,-8.5025,2026-09-19,Normal / Pleasant,Dry,Moderate,5.299999999999997,2026,9,19,Saturday,Autumn,8.0
2026-09-20,27.5,20.3,0.0,0.0,13.2,24.5,45,El Jadid,33.2566,-8.5025,2026-09-19,Normal / Pleasant,Dry,Calm / Light,7.199999999999999,2026,9,20,Sunday,Autumn,8.0
2026-09-21,26.8,20.9,0.0,0.0,13.0,23.8,45,El Jadid,33.2566,-8.5025,2026-09-19,Normal / Pleasant,Dry,Calm / Light,5.900000000000002,2026,9,21,Monday,Autumn,8.0
2026-09-22,25.3,20.4,0.0,0.0,12.3,23.0,45,El Jadid,33.2566,-8.5025,2026-09-19,Normal / Pleasant,Dry,Calm / Light,4.900000000000002,2026,9,22,Tuesday,Autumn,8.0
2026-09-23,26.2,20.8,0.0,0.0,12.5,23.4,45,El Jadid,33.2566,-8.5025,2026-09-19,Normal / Pleasant,Dry,Calm / Light,5.399999999999999,2026,9,23,Wednesday,Autumn,8.0
2026-09-24,27.1,20.0,0.0,0.0,12.4,25.2,45,El Jadid,33.2566,-8.5025,2026-09-19,Normal / Pleasant,Dry,Calm / Light,7.100000000000001,2026,9,24,Thursday,Autumn,8.0
2026-09-25,25.3,20.1,0.0,0.0,11.5,24.8,3,El Jadid,33.2566,-8.5025,2026-09-19,Normal / Pleasant,Dry,Calm / Light,5.199999999999999,2026,9,25,Friday,Autumn,8.0
2026-09-19,35.9,20.5,0.0,5.0,17.4,30.2,2,El Kelaa des Srarhna,32.05,-7.4,2026-09-19,Warm,Dry,Moderate,15.399999999999999,2026,9,19,Saturday,Autumn,46.5
2026-09-20,37.4,22.7,0.1,13.0,19.0,34.2,3,El Kelaa des Srarhna,32.05,-7.4,2026-09-19,Very Warm / Heatwave,Light,Moderate,14.7,2026,9,20,Sunday,Autumn,61.25
2026-09-21,37.4,22.2,0.0,0.0,13.9,24.5,2,El Kelaa des Srarhna,32.05,-7.4,2026-09-19,Very Warm / Heatwave,Dry,Calm / Light,15.2,2026,9,21,Monday,Autumn,39.5
2026-09-22,36.8,21.5,0.0,0.0,13.9,28.1,1,El Kelaa des Srarhna,32.05,-7.4,2026-09-19,Warm,Dry,Calm / Light,15.299999999999997,2026,9,22,Tuesday,Autumn,30.75
2026-09-23,36.7,20.6,0.0,0.0,13.3,22.7,0,El Kelaa des Srarhna,32.05,-7.4,2026-09-19,Warm,Dry,Calm / Light,16.1,2026,9,23,Wednesday,Autumn,30.75
2026-09-24,36.7,17.2,0.0,3.0,14.7,26.6,3,El Kelaa des Srarhna,32.05,-7.4,2026-09-19,Warm,Dry,Calm / Light,19.500000000000004,2026,9,24,Thursday,Autumn,30.75
2026-09-25,33.5,20.6,0.0,3.0,15.3,25.2,3,El Kelaa des Srarhna,32.05,-7.4,2026-09-19,Warm,Dry,Moderate,12.899999999999999,2026,9,25,Friday,Autumn,30.75
2026-09-19,29.6,20.0,2.8,65.0,15.3,40.0,95,Errachidia,31.9319,-4.4244,2026-09-19,Normal / Pleasant,Moderate,Moderate,9.600000000000001,2026,9,19,Saturday,Autumn,48.0
2026-09-20,29.3,18.7,0.4,23.0,12.3,23.4,80,Errachidia,31.9319,-4.4244,2026-09-19,Normal / Pleasant,Light,Calm / Light,10.600000000000001,2026,9,20,Sunday,Autumn,26.25
2026-09-21,32.1,19.3,0.0,14.0,19.8,43.2,2,Errachidia,31.9319,-4.4244,2026-09-19,Warm,Dry,Moderate,12.8,2026,9,21,Monday,Autumn,36.0
2026-09-22,29.5,17.4,0.0,2.0,10.5,25.2,2,Errachidia,31.9319,-4.4244,2026-09-19,Normal / Pleasant,Dry,Calm / Light,12.100000000000001,2026,9,22,Tuesday,Autumn,20.25
2026-09-23,29.9,17.4,0.0,3.0,14.3,27.7,1,Errachidia,31.9319,-4.4244,2026-09-19,Normal / Pleasant,Dry,Calm / Light,12.5,2026,9,23,Wednesday,Autumn,20.25
2026-09-24,30.3,18.2,0.0,0.0,12.5,23.4,1,Errachidia,31.9319,-4.4244,2026-09-19,Normal / Pleasant,Dry,Calm / Light,12.100000000000001,2026,9,24,Thursday,Autumn,20.25
2026-09-25,30.1,18.3,0.3,18.0,21.1,35.3,3,Errachidia,31.9319,-4.4244,2026-09-19,Normal / Pleasant,Light,Moderate,11.8,2026,9,25,Friday,Autumn,42.0
2026-09-19,24.5,18.5,0.0,0.0,21.6,41.4,2,Essaouira,31.513,-9.7687,2026-09-19,Cool / Mild,Dry,Moderate,6.0,2026,9,19,Saturday,Autumn,23.75
2026-09-20,24.4,19.0,0.0,0.0,13.4,26.3,45,Essaouira,31.513,-9.7687,2026-09-19,Cool / Mild,Dry,Calm / Light,5.399999999999999,2026,9,20,Sunday,Autumn,8.0
2026-09-21,25.4,19.1,0.0,0.0,8.6,17.6,3,Essaouira,31.513,-9.7687,2026-09-19,Normal / Pleasant,Dry,Calm / Light,6.299999999999997,2026,9,21,Monday,Autumn,8.0
2026-09-22,23.5,17.9,0.0,0.0,10.7,22.0,45,Essaouira,31.513,-9.7687,2026-09-19,Cool / Mild,Dry,Calm / Light,5.600000000000001,2026,9,22,Tuesday,Autumn,8.0
2026-09-23,23.4,17.5,0.0,0.0,10.0,19.8,45,Essaouira,31.513,-9.7687,2026-09-19,Cool / Mild,Dry,Calm / Light,5.899999999999999,2026,9,23,Wednesday,Autumn,8.0
2026-09-24,28.6,18.5,0.0,0.0,10.0,20.2,3,Essaouira,31.513,-9.7687,2026-09-19,Normal / Pleasant,Dry,Calm / Light,10.100000000000001,2026,9,24,Thursday,Autumn,20.25
2026-09-25,26.6,19.7,0.0,0.0,15.3,30.6,3,Essaouira,31.513,-9.7687,2026-09-19,Normal / Pleasant,Dry,Moderate,6.900000000000002,2026,9,25,Friday,Autumn,23.75
2026-09-19,24.2,21.3,1.4,40.0,23.6,47.9,80,Fnidq,35.8414,-5.3587,2026-09-19,Cool / Mild,Moderate,Moderate,2.8999999999999986,2026,9,19,Saturday,Autumn,51.5
2026-09-20,24.3,22.0,3.3,45.0,22.0,43.9,80,Fnidq,35.8414,-5.3587,2026-09-19,Cool / Mild,Moderate,Moderate,2.3000000000000007,2026,9,20,Sunday,Autumn,35.75
2026-09-21,25.2,21.3,0.0,8.0,19.9,37.8,2,Fnidq,35.8414,-5.3587,2026-09-19,Normal / Pleasant,Dry,Moderate,3.8999999999999986,2026,9,21,Monday,Autumn,23.75
2026-09-22,24.4,20.8,0.0,0.0,19.7,38.2,2,Fnidq,35.8414,-5.3587,2026-09-19,Cool / Mild,Dry,Moderate,3.599999999999998,2026,9,22,Tuesday,Autumn,23.75
2026-09-23,24.3,20.5,0.0,0.0,16.7,33.8,2,Fnidq,35.8414,-5.3587,2026-09-19,Cool / Mild,Dry,Moderate,3.8000000000000007,2026,9,23,Wednesday,Autumn,23.75
2026-09-24,25.2,20.6,0.0,0.0,13.6,24.1,45,Fnidq,35.8414,-5.3587,2026-09-19,Normal / Pleasant,Dry,Calm / Light,4.599999999999998,2026,9,24,Thursday,Autumn,8.0
2026-09-25,29.4,19.9,0.0,0.0,8.3,14.4,45,Fnidq,35.8414,-5.3587,2026-09-19,Normal / Pleasant,Dry,Calm / Light,9.5,2026,9,25,Friday,Autumn,20.25
2026-09-19,33.8,21.2,0.0,5.0,17.8,46.1,2,Fès,34.0433,-5.0033,2026-09-19,Warm,Dry,Moderate,12.599999999999998,2026,9,19,Saturday,Autumn,62.25
2026-09-20,35.2,21.7,0.0,0.0,14.5,38.5,2,Fès,34.0433,-5.0033,2026-09-19,Warm,Dry,Calm / Light,13.500000000000004,2026,9,20,Sunday,Autumn,46.5
2026-09-21,34.2,21.9,0.0,0.0,12.7,33.8,1,Fès,34.0433,-5.0033,2026-09-19,Warm,Dry,Calm / Light,12.300000000000004,2026,9,21,Monday,Autumn,46.5
2026-09-22,33.2,20.5,0.0,0.0,12.0,32.0,0,Fès,34.0433,-5.0033,2026-09-19,Warm,Dry,Calm / Light,12.700000000000003,2026,9,22,Tuesday,Autumn,46.5
2026-09-23,34.8,18.9,0.0,0.0,8.4,22.7,0,Fès,34.0433,-5.0033,2026-09-19,Warm,Dry,Calm / Light,15.899999999999999,2026,9,23,Wednesday,Autumn,30.75
2026-09-24,36.0,21.8,0.0,0.0,13.7,33.5,2,Fès,34.0433,-5.0033,2026-09-19,Warm,Dry,Calm / Light,14.2,2026,9,24,Thursday,Autumn,46.5
2026-09-25,33.5,20.0,0.0,0.0,16.3,40.3,3,Fès,34.0433,-5.0033,2026-09-19,Warm,Dry,Moderate,13.5,2026,9,25,Friday,Autumn,46.5
2026-09-19,29.4,18.0,0.0,0.0,22.9,40.0,3,Guelmim,28.9833,-10.0667,2026-09-19,Normal / Pleasant,Dry,Moderate,11.399999999999999,2026,9,19,Saturday,Autumn,36.0
2026-09-20,37.7,17.9,0.0,0.0,19.6,34.9,0,Guelmim,28.9833,-10.0667,2026-09-19,Very Warm / Heatwave,Dry,Moderate,19.800000000000004,2026,9,20,Sunday,Autumn,55.25
2026-09-21,39.9,23.2,0.0,0.0,21.1,35.6,1,Guelmim,28.9833,-10.0667,2026-09-19,Very Warm / Heatwave,Dry,Moderate,16.7,2026,9,21,Monday,Autumn,55.25
2026-09-22,39.1,24.3,0.0,0.0,22.0,36.0,2,Guelmim,28.9833,-10.0667,2026-09-19,Very Warm / Heatwave,Dry,Moderate,14.8,2026,9,22,Tuesday,Autumn,55.25
2026-09-23,39.2,24.4,0.0,0.0,21.8,40.7,2,Guelmim,28.9833,-10.0667,2026-09-19,Very Warm / Heatwave,Dry,Moderate,14.800000000000004,2026,9,23,Wednesday,Autumn,55.25
2026-09-24,38.4,22.5,0.0,1.0,19.0,37.8,0,Guelmim,28.9833,-10.0667,2026-09-19,Very Warm / Heatwave,Dry,Moderate,15.899999999999999,2026,9,24,Thursday,Autumn,55.25
2026-09-25,34.3,19.7,0.0,4.0,15.6,33.8,0,Guelmim,28.9833,-10.0667,2026-09-19,Warm,Dry,Moderate,14.599999999999998,2026,9,25,Friday,Autumn,46.5
2026-09-19,30.8,20.8,0.9,23.0,29.3,59.4,80,Guercif,34.23,-3.36,2026-09-19,Normal / Pleasant,Light,Strong,10.0,2026,9,19,Saturday,Autumn,57.75
2026-09-20,31.6,21.1,0.0,0.0,30.3,57.6,3,Guercif,34.23,-3.36,2026-09-19,Normal / Pleasant,Dry,Strong,10.5,2026,9,20,Sunday,Autumn,51.75
2026-09-21,29.3,20.3,0.0,0.0,26.8,50.4,3,Guercif,34.23,-3.36,2026-09-19,Normal / Pleasant,Dry,Strong,9.0,2026,9,21,Monday,Autumn,51.75
2026-09-22,30.8,16.4,0.0,0.0,23.7,46.4,45,Guercif,34.23,-3.36,2026-09-19,Normal / Pleasant,Dry,Moderate,14.400000000000002,2026,9,22,Tuesday,Autumn,51.75
2026-09-23,32.9,17.1,0.0,0.0,23.3,49.3,1,Guercif,34.23,-3.36,2026-09-19,Warm,Dry,Moderate,15.799999999999997,2026,9,23,Wednesday,Autumn,51.75
2026-09-24,35.5,18.9,0.0,0.0,20.6,33.5,0,Guercif,34.23,-3.36,2026-09-19,Warm,Dry,Moderate,16.6,2026,9,24,Thursday,Autumn,46.5
2026-09-25,36.5,20.2,0.0,0.0,23.9,42.1,3,Guercif,34.23,-3.36,2026-09-19,Warm,Dry,Moderate,16.3,2026,9,25,Friday,Autumn,46.5
2026-09-19,31.3,19.9,0.0,8.0,17.9,31.3,2,Imi-n-Tanout,31.177,-8.8504,2026-09-19,Normal / Pleasant,Dry,Moderate,11.400000000000002,2026,9,19,Saturday,Autumn,36.0
2026-09-20,31.3,23.2,0.5,38.0,16.6,30.6,80,Imi-n-Tanout,31.177,-8.8504,2026-09-19,Normal / Pleasant,Light,Moderate,8.100000000000001,2026,9,20,Sunday,Autumn,42.0
2026-09-21,34.2,23.4,0.0,3.0,23.9,44.3,3,Imi-n-Tanout,31.177,-8.8504,2026-09-19,Warm,Dry,Moderate,10.800000000000004,2026,9,21,Monday,Autumn,46.5
2026-09-22,33.8,23.4,0.0,0.0,19.8,37.4,1,Imi-n-Tanout,31.177,-8.8504,2026-09-19,Warm,Dry,Moderate,10.399999999999999,2026,9,22,Tuesday,Autumn,46.5
2026-09-23,33.7,22.5,0.0,5.0,19.9,34.2,1,Imi-n-Tanout,31.177,-8.8504,2026-09-19,Warm,Dry,Moderate,11.200000000000003,2026,9,23,Wednesday,Autumn,46.5
2026-09-24,34.0,22.7,0.0,1.0,20.6,36.0,3,Imi-n-Tanout,31.177,-8.8504,2026-09-19,Warm,Dry,Moderate,11.3,2026,9,24,Thursday,Autumn,46.5
2026-09-25,31.2,19.8,0.0,3.0,16.3,33.1,3,Imi-n-Tanout,31.177,-8.8504,2026-09-19,Normal / Pleasant,Dry,Moderate,11.399999999999999,2026,9,25,Friday,Autumn,36.0
2026-09-19,29.7,20.3,0.0,0.0,25.0,45.7,3,Imzouren,35.1464,-3.8506,2026-09-19,Normal / Pleasant,Dry,Strong,9.399999999999999,2026,9,19,Saturday,Autumn,51.75
2026-09-20,28.9,22.4,0.0,0.0,19.9,36.0,2,Imzouren,35.1464,-3.8506,2026-09-19,Normal / Pleasant,Dry,Moderate,6.5,2026,9,20,Sunday,Autumn,36.0
2026-09-21,29.3,20.0,0.0,0.0,22.7,41.8,2,Imzouren,35.1464,-3.8506,2026-09-19,Normal / Pleasant,Dry,Moderate,9.3,2026,9,21,Monday,Autumn,36.0
2026-09-22,28.4,17.6,0.0,0.0,14.6,27.0,0,Imzouren,35.1464,-3.8506,2026-09-19,Normal / Pleasant,Dry,Calm / Light,10.799999999999997,2026,9,22,Tuesday,Autumn,20.25
2026-09-23,27.3,17.6,0.0,0.0,14.1,27.0,1,Imzouren,35.1464,-3.8506,2026-09-19,Normal / Pleasant,Dry,Calm / Light,9.7,2026,9,23,Wednesday,Autumn,8.0
2026-09-24,29.3,19.8,0.0,0.0,10.7,22.0,2,Imzouren,35.1464,-3.8506,2026-09-19,Normal / Pleasant,Dry,Calm / Light,9.5,2026,9,24,Thursday,Autumn,20.25
2026-09-25,30.0,22.6,0.0,0.0,11.2,22.0,3,Imzouren,35.1464,-3.8506,2026-09-19,Normal / Pleasant,Dry,Calm / Light,7.399999999999999,2026,9,25,Friday,Autumn,20.25
2026-09-19,24.6,19.8,0.0,0.0,14.8,41.0,45,Inezgane,30.3658,-9.5381,2026-09-19,Cool / Mild,Dry,Calm / Light,4.800000000000001,2026,9,19,Saturday,Autumn,23.75
2026-09-20,25.6,19.4,0.0,0.0,13.8,37.8,45,Inezgane,30.3658,-9.5381,2026-09-19,Normal / Pleasant,Dry,Calm / Light,6.200000000000003,2026,9,20,Sunday,Autumn,23.75
2026-09-21,31.9,20.8,0.0,0.0,10.0,27.4,3,Inezgane,30.3658,-9.5381,2026-09-19,Normal / Pleasant,Dry,Calm / Light,11.099999999999998,2026,9,21,Monday,Autumn,20.25
2026-09-22,31.0,20.6,0.0,0.0,14.0,38.2,2,Inezgane,30.3658,-9.5381,2026-09-19,Normal / Pleasant,Dry,Calm / Light,10.399999999999999,2026,9,22,Tuesday,Autumn,36.0
2026-09-23,30.1,20.2,0.0,0.0,10.7,29.5,0,Inezgane,30.3658,-9.5381,2026-09-19,Normal / Pleasant,Dry,Calm / Light,9.900000000000002,2026,9,23,Wednesday,Autumn,20.25
2026-09-24,39.2,21.6,0.0,0.0,14.2,30.6,3,Inezgane,30.3658,-9.5381,2026-09-19,Very Warm / Heatwave,Dry,Calm / Light,17.6,2026,9,24,Thursday,Autumn,55.25
2026-09-25,31.3,21.1,0.0,0.0,14.0,28.1,45,Inezgane,30.3658,-9.5381,2026-09-19,Normal / Pleasant,Dry,Calm / Light,10.2,2026,9,25,Friday,Autumn,20.25
2026-09-19,27.4,16.9,1.1,60.0,22.4,41.0,80,Jerada,34.31,-2.16,2026-09-19,Normal / Pleasant,Moderate,Moderate,10.5,2026,9,19,Saturday,Autumn,35.75
2026-09-20,27.8,16.1,0.3,25.0,21.3,43.9,80,Jerada,34.31,-2.16,2026-09-19,Normal / Pleasant,Light,Moderate,11.7,2026,9,20,Sunday,Autumn,29.75
2026-09-21,25.0,16.1,0.0,3.0,23.4,43.6,45,Jerada,34.31,-2.16,2026-09-19,Normal / Pleasant,Dry,Moderate,8.899999999999999,2026,9,21,Monday,Autumn,23.75
2026-09-22,26.9,14.6,0.0,0.0,16.7,48.2,2,Jerada,34.31,-2.16,2026-09-19,Normal / Pleasant,Dry,Moderate,12.299999999999999,2026,9,22,Tuesday,Autumn,39.5
2026-09-23,29.0,16.4,0.0,0.0,16.3,46.4,2,Jerada,34.31,-2.16,2026-09-19,Normal / Pleasant,Dry,Moderate,12.600000000000001,2026,9,23,Wednesday,Autumn,51.75
2026-09-24,30.0,16.4,0.0,0.0,16.7,28.1,0,Jerada,34.31,-2.16,2026-09-19,Normal / Pleasant,Dry,Moderate,13.600000000000001,2026,9,24,Thursday,Autumn,20.25
2026-09-25,31.4,16.6,0.0,0.0,21.6,42.1,3,Jerada,34.31,-2.16,2026-09-19,Normal / Pleasant,Dry,Moderate,14.799999999999997,2026,9,25,Friday,Autumn,36.0
2026-09-19,33.3,17.4,0.0,0.0,15.0,40.0,1,Kenitra,34.25,-6.5833,2026-09-19,Warm,Dry,Moderate,15.899999999999999,2026,9,19,Saturday,Autumn,46.5
2026-09-20,36.0,19.6,0.0,0.0,13.2,37.1,0,Kenitra,34.25,-6.5833,2026-09-19,Warm,Dry,Calm / Light,16.4,2026,9,20,Sunday,Autumn,46.5
2026-09-21,34.3,20.6,0.0,0.0,14.0,37.1,1,Kenitra,34.25,-6.5833,2026-09-19,Warm,Dry,Calm / Light,13.699999999999996,2026,9,21,Monday,Autumn,46.5
2026-09-22,33.1,20.5,0.0,0.0,12.5,34.9,0,Kenitra,34.25,-6.5833,2026-09-19,Warm,Dry,Calm / Light,12.600000000000001,2026,9,22,Tuesday,Autumn,46.5
2026-09-23,31.3,17.9,0.0,0.0,12.0,30.6,0,Kenitra,34.25,-6.5833,2026-09-19,Normal / Pleasant,Dry,Calm / Light,13.400000000000002,2026,9,23,Wednesday,Autumn,36.0
2026-09-24,28.1,18.6,0.0,0.0,10.9,26.3,45,Kenitra,34.25,-6.5833,2026-09-19,Normal / Pleasant,Dry,Calm / Light,9.5,2026,9,24,Thursday,Autumn,20.25
2026-09-25,25.9,20.1,0.0,0.0,10.7,26.3,45,Kenitra,34.25,-6.5833,2026-09-19,Normal / Pleasant,Dry,Calm / Light,5.799999999999997,2026,9,25,Friday,Autumn,8.0
2026-09-19,34.0,19.9,0.0,5.0,20.9,45.0,2,Khénifra,32.93,-5.66,2026-09-19,Warm,Dry,Moderate,14.100000000000001,2026,9,19,Saturday,Autumn,46.5
2026-09-20,34.6,19.0,0.0,5.0,18.1,36.4,3,Khénifra,32.93,-5.66,2026-09-19,Warm,Dry,Moderate,15.600000000000001,2026,9,20,Sunday,Autumn,46.5
2026-09-21,34.5,18.8,0.0,0.0,21.4,40.7,3,Khénifra,32.93,-5.66,2026-09-19,Warm,Dry,Moderate,15.7,2026,9,21,Monday,Autumn,46.5
2026-09-22,33.2,17.5,0.0,0.0,15.7,32.0,2,Khénifra,32.93,-5.66,2026-09-19,Warm,Dry,Moderate,15.700000000000003,2026,9,22,Tuesday,Autumn,46.5
2026-09-23,33.4,17.3,0.0,0.0,11.9,26.3,1,Khénifra,32.93,-5.66,2026-09-19,Warm,Dry,Calm / Light,16.099999999999998,2026,9,23,Wednesday,Autumn,30.75
2026-09-24,33.7,18.4,0.0,0.0,16.0,30.2,0,Khénifra,32.93,-5.66,2026-09-19,Warm,Dry,Moderate,15.300000000000004,2026,9,24,Thursday,Autumn,46.5
2026-09-25,32.9,18.7,0.0,8.0,17.3,32.8,3,Khénifra,32.93,-5.66,2026-09-19,Warm,Dry,Moderate,14.2,2026,9,25,Friday,Autumn,36.0
2026-09-19,34.1,18.5,0.0,0.0,18.7,39.2,2,Kouribga,32.88,-6.9,2026-09-19,Warm,Dry,Moderate,15.600000000000001,2026,9,19,Saturday,Autumn,46.5
2026-09-20,34.3,21.5,0.3,8.0,19.8,46.4,3,Kouribga,32.88,-6.9,2026-09-19,Warm,Light,Moderate,12.799999999999997,2026,9,20,Sunday,Autumn,68.25
2026-09-21,34.0,21.2,0.2,0.0,21.9,40.7,3,Kouribga,32.88,-6.9,2026-09-19,Warm,Light,Moderate,12.8,2026,9,21,Monday,Autumn,52.5
2026-09-22,33.9,21.0,0.0,0.0,14.8,29.2,1,Kouribga,32.88,-6.9,2026-09-19,Warm,Dry,Calm / Light,12.899999999999999,2026,9,22,Tuesday,Autumn,30.75
2026-09-23,34.1,19.1,0.0,0.0,18.4,37.1,0,Kouribga,32.88,-6.9,2026-09-19,Warm,Dry,Moderate,15.0,2026,9,23,Wednesday,Autumn,46.5
2026-09-24,33.6,17.4,0.0,3.0,17.3,33.8,3,Kouribga,32.88,-6.9,2026-09-19,Warm,Dry,Moderate,16.200000000000003,2026,9,24,Thursday,Autumn,46.5
2026-09-25,30.9,17.6,0.0,3.0,16.2,33.8,3,Kouribga,32.88,-6.9,2026-09-19,Normal / Pleasant,Dry,Moderate,13.299999999999997,2026,9,25,Friday,Autumn,36.0
2026-09-19,35.6,18.5,0.0,0.0,11.9,23.8,1,Ksar El Kebir,35.0,-5.9,2026-09-19,Warm,Dry,Calm / Light,17.1,2026,9,19,Saturday,Autumn,30.75
2026-09-20,36.8,22.7,0.0,0.0,15.5,29.2,0,Ksar El Kebir,35.0,-5.9,2026-09-19,Warm,Dry,Moderate,14.099999999999998,2026,9,20,Sunday,Autumn,30.75
2026-09-21,36.1,22.0,0.0,0.0,15.6,31.0,1,Ksar El Kebir,35.0,-5.9,2026-09-19,Warm,Dry,Moderate,14.100000000000001,2026,9,21,Monday,Autumn,46.5
2026-09-22,35.0,19.7,0.0,0.0,12.7,27.0,0,Ksar El Kebir,35.0,-5.9,2026-09-19,Warm,Dry,Calm / Light,15.3,2026,9,22,Tuesday,Autumn,30.75
2026-09-23,35.5,19.9,0.0,0.0,14.8,31.3,0,Ksar El Kebir,35.0,-5.9,2026-09-19,Warm,Dry,Calm / Light,15.600000000000001,2026,9,23,Wednesday,Autumn,46.5
2026-09-24,34.4,20.3,0.0,0.0,16.2,31.3,1,Ksar El Kebir,35.0,-5.9,2026-09-19,Warm,Dry,Moderate,14.099999999999998,2026,9,24,Thursday,Autumn,46.5
2026-09-25,29.7,19.6,0.0,0.0,14.4,27.7,45,Ksar El Kebir,35.0,-5.9,2026-09-19,Normal / Pleasant,Dry,Calm / Light,10.099999999999998,2026,9,25,Friday,Autumn,20.25
2026-09-19,34.4,18.3,0.0,0.0,20.2,36.4,1,Larache,35.1833,-6.15,2026-09-19,Warm,Dry,Moderate,16.099999999999998,2026,9,19,Saturday,Autumn,46.5
2026-09-20,33.7,24.5,0.0,0.0,15.4,27.7,0,Larache,35.1833,-6.15,2026-09-19,Warm,Dry,Moderate,9.200000000000003,2026,9,20,Sunday,Autumn,30.75
2026-09-21,32.5,22.5,0.0,0.0,14.8,27.4,2,Larache,35.1833,-6.15,2026-09-19,Warm,Dry,Calm / Light,10.0,2026,9,21,Monday,Autumn,20.25
2026-09-22,31.6,18.4,0.0,0.0,15.5,28.8,0,Larache,35.1833,-6.15,2026-09-19,Normal / Pleasant,Dry,Moderate,13.200000000000003,2026,9,22,Tuesday,Autumn,20.25
2026-09-23,31.8,17.9,0.0,0.0,17.2,32.0,0,Larache,35.1833,-6.15,2026-09-19,Normal / Pleasant,Dry,Moderate,13.900000000000002,2026,9,23,Wednesday,Autumn,36.0
2026-09-24,30.1,17.2,0.0,0.0,12.3,23.0,45,Larache,35.1833,-6.15,2026-09-19,Normal / Pleasant,Dry,Calm / Light,12.900000000000002,2026,9,24,Thursday,Autumn,20.25
2026-09-25,26.6,18.5,0.0,0.0,12.6,23.4,45,Larache,35.1833,-6.15,2026-09-19,Normal / Pleasant,Dry,Calm / Light,8.100000000000001,2026,9,25,Friday,Autumn,8.0
2026-09-19,28.8,18.1,0.0,0.0,22.5,45.4,3,Laâyoune,27.15,-13.2,2026-09-19,Normal / Pleasant,Dry,Moderate,10.7,2026,9,19,Saturday,Autumn,51.75
2026-09-20,33.3,18.5,0.0,0.0,21.6,42.8,3,Laâyoune,27.15,-13.2,2026-09-19,Warm,Dry,Moderate,14.799999999999997,2026,9,20,Sunday,Autumn,46.5
2026-09-21,37.5,20.6,0.0,0.0,23.2,45.4,0,Laâyoune,27.15,-13.2,2026-09-19,Very Warm / Heatwave,Dry,Moderate,16.9,2026,9,21,Monday,Autumn,71.0
2026-09-22,36.2,20.7,0.0,2.0,24.9,47.5,1,Laâyoune,27.15,-13.2,2026-09-19,Warm,Dry,Moderate,15.500000000000004,2026,9,22,Tuesday,Autumn,62.25
2026-09-23,42.3,21.6,0.0,0.0,26.8,52.6,0,Laâyoune,27.15,-13.2,2026-09-19,Very Warm / Heatwave,Dry,Strong,20.699999999999996,2026,9,23,Wednesday,Autumn,71.0
2026-09-24,41.5,25.7,0.0,2.0,25.0,56.9,1,Laâyoune,27.15,-13.2,2026-09-19,Very Warm / Heatwave,Dry,Strong,15.8,2026,9,24,Thursday,Autumn,71.0
2026-09-25,37.9,22.7,0.0,1.0,23.0,49.3,1,Laâyoune,27.15,-13.2,2026-09-19,Very Warm / Heatwave,Dry,Moderate,15.2,2026,9,25,Friday,Autumn,71.0
2026-09-19,26.7,19.6,0.0,0.0,20.8,45.7,2,Lqoliaa,30.2942,-9.4544,2026-09-19,Normal / Pleasant,Dry,Moderate,7.099999999999998,2026,9,19,Saturday,Autumn,39.5
2026-09-20,27.4,19.5,0.0,0.0,19.5,42.5,45,Lqoliaa,30.2942,-9.4544,2026-09-19,Normal / Pleasant,Dry,Moderate,7.899999999999999,2026,9,20,Sunday,Autumn,23.75
2026-09-21,37.8,21.3,0.0,0.0,15.2,33.5,3,Lqoliaa,30.2942,-9.4544,2026-09-19,Very Warm / Heatwave,Dry,Moderate,16.499999999999996,2026,9,21,Monday,Autumn,55.25
2026-09-22,37.7,21.2,0.0,0.0,21.3,46.4,2,Lqoliaa,30.2942,-9.4544,2026-09-19,Very Warm / Heatwave,Dry,Moderate,16.500000000000004,2026,9,22,Tuesday,Autumn,71.0
2026-09-23,36.0,19.9,0.0,0.0,17.3,38.5,1,Lqoliaa,30.2942,-9.4544,2026-09-19,Warm,Dry,Moderate,16.1,2026,9,23,Wednesday,Autumn,46.5
2026-09-24,37.0,19.7,0.0,0.0,17.2,38.9,3,Lqoliaa,30.2942,-9.4544,2026-09-19,Very Warm / Heatwave,Dry,Moderate,17.3,2026,9,24,Thursday,Autumn,46.5
2026-09-25,26.8,20.1,0.0,0.0,17.4,38.2,45,Lqoliaa,30.2942,-9.4544,2026-09-19,Normal / Pleasant,Dry,Moderate,6.699999999999999,2026,9,25,Friday,Autumn,23.75
2026-09-19,36.6,20.6,0.1,23.0,11.4,30.2,3,Marrakech,31.6295,-7.9811,2026-09-19,Warm,Light,Calm / Light,16.0,2026,9,19,Saturday,Autumn,52.5
2026-09-20,37.2,22.9,0.1,48.0,12.5,43.6,3,Marrakech,31.6295,-7.9811,2026-09-19,Very Warm / Heatwave,Light,Calm / Light,14.300000000000004,2026,9,20,Sunday,Autumn,61.25
2026-09-21,37.4,22.7,0.0,3.0,14.7,40.0,3,Marrakech,31.6295,-7.9811,2026-09-19,Very Warm / Heatwave,Dry,Calm / Light,14.7,2026,9,21,Monday,Autumn,55.25
2026-09-22,36.9,20.5,0.0,1.0,13.3,36.4,2,Marrakech,31.6295,-7.9811,2026-09-19,Warm,Dry,Calm / Light,16.4,2026,9,22,Tuesday,Autumn,46.5
2026-09-23,36.7,19.0,0.0,0.0,12.6,34.6,0,Marrakech,31.6295,-7.9811,2026-09-19,Warm,Dry,Calm / Light,17.700000000000003,2026,9,23,Wednesday,Autumn,46.5
2026-09-24,37.1,18.5,0.0,0.0,16.6,28.4,1,Marrakech,31.6295,-7.9811,2026-09-19,Very Warm / Heatwave,Dry,Moderate,18.6,2026,9,24,Thursday,Autumn,39.5
2026-09-25,34.5,21.7,0.0,3.0,17.9,30.6,3,Marrakech,31.6295,-7.9811,2026-09-19,Warm,Dry,Moderate,12.8,2026,9,25,Friday,Autumn,46.5
2026-09-19,24.4,22.0,3.5,40.0,26.1,56.5,80,Martil,35.61,-5.27,2026-09-19,Cool / Mild,Moderate,Strong,2.3999999999999986,2026,9,19,Saturday,Autumn,51.5
2026-09-20,24.6,22.8,2.8,45.0,23.4,50.4,80,Martil,35.61,-5.27,2026-09-19,Cool / Mild,Moderate,Moderate,1.8000000000000007,2026,9,20,Sunday,Autumn,51.5
2026-09-21,25.6,21.7,0.0,8.0,21.7,48.6,2,Martil,35.61,-5.27,2026-09-19,Normal / Pleasant,Dry,Moderate,3.900000000000002,2026,9,21,Monday,Autumn,39.5
2026-09-22,24.7,21.1,0.0,0.0,18.4,40.0,2,Martil,35.61,-5.27,2026-09-19,Cool / Mild,Dry,Moderate,3.599999999999998,2026,9,22,Tuesday,Autumn,23.75
2026-09-23,24.8,20.5,0.0,0.0,17.3,37.4,2,Martil,35.61,-5.27,2026-09-19,Cool / Mild,Dry,Moderate,4.300000000000001,2026,9,23,Wednesday,Autumn,23.75
2026-09-24,25.3,20.6,0.0,0.0,13.6,24.1,45,Martil,35.61,-5.27,2026-09-19,Normal / Pleasant,Dry,Calm / Light,4.699999999999999,2026,9,24,Thursday,Autumn,8.0
2026-09-25,29.4,20.0,0.0,0.0,8.3,14.4,45,Martil,35.61,-5.27,2026-09-19,Normal / Pleasant,Dry,Calm / Light,9.399999999999999,2026,9,25,Friday,Autumn,20.25
2026-09-19,37.0,19.0,0.0,0.0,18.4,34.9,45,Mechraa Bel Ksiri,34.56,-5.95,2026-09-19,Very Warm / Heatwave,Dry,Moderate,18.0,2026,9,19,Saturday,Autumn,46.5
2026-09-20,37.8,24.6,0.0,0.0,22.6,41.4,0,Mechraa Bel Ksiri,34.56,-5.95,2026-09-19,Very Warm / Heatwave,Dry,Moderate,13.199999999999996,2026,9,20,Sunday,Autumn,55.25
2026-09-21,37.1,24.2,0.0,0.0,18.8,34.9,0,Mechraa Bel Ksiri,34.56,-5.95,2026-09-19,Very Warm / Heatwave,Dry,Moderate,12.900000000000002,2026,9,21,Monday,Autumn,55.25
2026-09-22,36.7,23.5,0.0,0.0,18.4,35.3,0,Mechraa Bel Ksiri,34.56,-5.95,2026-09-19,Warm,Dry,Moderate,13.200000000000003,2026,9,22,Tuesday,Autumn,46.5
2026-09-23,36.9,22.6,0.0,0.0,12.7,27.7,0,Mechraa Bel Ksiri,34.56,-5.95,2026-09-19,Warm,Dry,Calm / Light,14.299999999999997,2026,9,23,Wednesday,Autumn,30.75
2026-09-24,35.2,18.3,0.0,0.0,16.0,31.0,45,Mechraa Bel Ksiri,34.56,-5.95,2026-09-19,Warm,Dry,Moderate,16.900000000000002,2026,9,24,Thursday,Autumn,46.5
2026-09-25,30.1,19.9,0.0,3.0,16.6,31.3,45,Mechraa Bel Ksiri,34.56,-5.95,2026-09-19,Normal / Pleasant,Dry,Moderate,10.200000000000003,2026,9,25,Friday,Autumn,36.0
2026-09-19,30.7,17.5,0.0,0.0,16.8,30.6,45,Mediouna,33.4556,-7.5208,2026-09-19,Normal / Pleasant,Dry,Moderate,13.2,2026,9,19,Saturday,Autumn,36.0
2026-09-20,35.2,19.3,0.0,0.0,17.2,31.3,1,Mediouna,33.4556,-7.5208,2026-09-19,Warm,Dry,Moderate,15.900000000000002,2026,9,20,Sunday,Autumn,46.5
2026-09-21,34.6,19.5,0.0,0.0,17.2,31.0,45,Mediouna,33.4556,-7.5208,2026-09-19,Warm,Dry,Moderate,15.100000000000001,2026,9,21,Monday,Autumn,46.5
2026-09-22,34.0,19.0,0.0,0.0,18.1,32.8,1,Mediouna,33.4556,-7.5208,2026-09-19,Warm,Dry,Moderate,15.0,2026,9,22,Tuesday,Autumn,46.5
2026-09-23,33.3,17.3,0.0,0.0,16.2,29.2,45,Mediouna,33.4556,-7.5208,2026-09-19,Warm,Dry,Moderate,15.999999999999996,2026,9,23,Wednesday,Autumn,30.75
2026-09-24,28.3,18.1,0.0,0.0,11.3,30.2,45,Mediouna,33.4556,-7.5208,2026-09-19,Normal / Pleasant,Dry,Calm / Light,10.2,2026,9,24,Thursday,Autumn,36.0
2026-09-25,25.5,19.0,0.0,3.0,12.0,33.1,45,Mediouna,33.4556,-7.5208,2026-09-19,Normal / Pleasant,Dry,Calm / Light,6.5,2026,9,25,Friday,Autumn,23.75
2026-09-19,32.1,17.8,0.0,0.0,15.5,34.6,1,Mehdya,34.2557,-6.6745,2026-09-19,Warm,Dry,Moderate,14.3,2026,9,19,Saturday,Autumn,36.0
2026-09-20,35.2,20.1,0.0,0.0,12.0,30.6,0,Mehdya,34.2557,-6.6745,2026-09-19,Warm,Dry,Calm / Light,15.100000000000001,2026,9,20,Sunday,Autumn,46.5
2026-09-21,33.0,20.7,0.0,0.0,13.0,30.2,1,Mehdya,34.2557,-6.6745,2026-09-19,Warm,Dry,Calm / Light,12.3,2026,9,21,Monday,Autumn,36.0
2026-09-22,31.9,20.6,0.0,0.0,11.9,29.5,0,Mehdya,34.2557,-6.6745,2026-09-19,Normal / Pleasant,Dry,Calm / Light,11.299999999999997,2026,9,22,Tuesday,Autumn,20.25
2026-09-23,29.1,18.2,0.0,0.0,11.5,26.6,0,Mehdya,34.2557,-6.6745,2026-09-19,Normal / Pleasant,Dry,Calm / Light,10.900000000000002,2026,9,23,Wednesday,Autumn,20.25
2026-09-24,28.1,18.6,0.0,0.0,10.9,26.3,45,Mehdya,34.2557,-6.6745,2026-09-19,Normal / Pleasant,Dry,Calm / Light,9.5,2026,9,24,Thursday,Autumn,20.25
2026-09-25,25.9,20.1,0.0,0.0,10.7,26.3,45,Mehdya,34.2557,-6.6745,2026-09-19,Normal / Pleasant,Dry,Calm / Light,5.799999999999997,2026,9,25,Friday,Autumn,8.0
2026-09-19,33.9,18.9,0.1,0.0,12.6,34.6,2,Meknès,33.8833,-5.55,2026-09-19,Warm,Light,Calm / Light,15.0,2026,9,19,Saturday,Autumn,52.5
2026-09-20,35.3,20.4,0.0,0.0,11.7,35.3,1,Meknès,33.8833,-5.55,2026-09-19,Warm,Dry,Calm / Light,14.899999999999999,2026,9,20,Sunday,Autumn,46.5
2026-09-21,34.7,20.2,0.0,0.0,12.9,32.4,0,Meknès,33.8833,-5.55,2026-09-19,Warm,Dry,Calm / Light,14.500000000000004,2026,9,21,Monday,Autumn,46.5
2026-09-22,33.4,19.6,0.0,0.0,12.3,31.3,0,Meknès,33.8833,-5.55,2026-09-19,Warm,Dry,Calm / Light,13.799999999999997,2026,9,22,Tuesday,Autumn,46.5
2026-09-23,34.0,17.2,0.0,0.0,13.1,33.8,0,Meknès,33.8833,-5.55,2026-09-19,Warm,Dry,Calm / Light,16.8,2026,9,23,Wednesday,Autumn,46.5
2026-09-24,34.9,19.8,0.0,0.0,15.1,35.3,2,Meknès,33.8833,-5.55,2026-09-19,Warm,Dry,Moderate,15.099999999999998,2026,9,24,Thursday,Autumn,46.5
2026-09-25,32.1,18.8,0.0,3.0,17.3,39.2,3,Meknès,33.8833,-5.55,2026-09-19,Warm,Dry,Moderate,13.3,2026,9,25,Friday,Autumn,36.0
2026-09-19,27.2,13.5,3.4,58.0,21.8,49.7,95,Midalt,32.68,-4.74,2026-09-19,Normal / Pleasant,Moderate,Moderate,13.7,2026,9,19,Saturday,Autumn,51.5
2026-09-20,29.0,14.1,0.0,25.0,21.2,46.1,45,Midalt,32.68,-4.74,2026-09-19,Normal / Pleasant,Dry,Moderate,14.9,2026,9,20,Sunday,Autumn,51.75
2026-09-21,28.9,15.0,0.0,3.0,27.9,48.2,3,Midalt,32.68,-4.74,2026-09-19,Normal / Pleasant,Dry,Strong,13.899999999999999,2026,9,21,Monday,Autumn,51.75
2026-09-22,28.0,13.6,0.0,1.0,23.5,38.2,3,Midalt,32.68,-4.74,2026-09-19,Normal / Pleasant,Dry,Moderate,14.4,2026,9,22,Tuesday,Autumn,23.75
2026-09-23,28.1,13.1,0.0,0.0,12.2,15.1,2,Midalt,32.68,-4.74,2026-09-19,Normal / Pleasant,Dry,Calm / Light,15.000000000000002,2026,9,23,Wednesday,Autumn,20.25
2026-09-24,29.4,12.2,0.0,0.0,23.6,38.2,1,Midalt,32.68,-4.74,2026-09-19,Normal / Pleasant,Dry,Moderate,17.2,2026,9,24,Thursday,Autumn,36.0
2026-09-25,29.3,12.2,0.6,5.0,11.2,20.5,3,Midalt,32.68,-4.74,2026-09-19,Normal / Pleasant,Light,Calm / Light,17.1,2026,9,25,Friday,Autumn,26.25
2026-09-19,29.5,17.8,3.4,53.0,27.8,49.0,80,Missour,33.05,-3.9908,2026-09-19,Normal / Pleasant,Moderate,Strong,11.7,2026,9,19,Saturday,Autumn,63.75
2026-09-20,30.1,16.3,0.0,15.0,27.3,42.5,2,Missour,33.05,-3.9908,2026-09-19,Normal / Pleasant,Dry,Strong,13.8,2026,9,20,Sunday,Autumn,36.0
2026-09-21,28.6,18.3,0.0,0.0,28.5,45.0,45,Missour,33.05,-3.9908,2026-09-19,Normal / Pleasant,Dry,Strong,10.3,2026,9,21,Monday,Autumn,36.0
2026-09-22,28.7,14.5,0.0,0.0,21.9,32.8,1,Missour,33.05,-3.9908,2026-09-19,Normal / Pleasant,Dry,Moderate,14.2,2026,9,22,Tuesday,Autumn,36.0
2026-09-23,30.7,15.1,0.0,0.0,14.5,30.2,1,Missour,33.05,-3.9908,2026-09-19,Normal / Pleasant,Dry,Calm / Light,15.6,2026,9,23,Wednesday,Autumn,36.0
2026-09-24,33.2,17.2,0.0,0.0,9.4,16.2,2,Missour,33.05,-3.9908,2026-09-19,Warm,Dry,Calm / Light,16.000000000000004,2026,9,24,Thursday,Autumn,30.75
2026-09-25,33.2,17.1,0.0,0.0,14.8,22.3,3,Missour,33.05,-3.9908,2026-09-19,Warm,Dry,Calm / Light,16.1,2026,9,25,Friday,Autumn,30.75
2026-09-19,26.3,17.3,0.0,0.0,13.0,32.0,3,Mohammedia,33.6833,-7.3833,2026-09-19,Normal / Pleasant,Dry,Calm / Light,9.0,2026,9,19,Saturday,Autumn,23.75
2026-09-20,28.4,19.3,0.0,0.0,11.8,29.5,1,Mohammedia,33.6833,-7.3833,2026-09-19,Normal / Pleasant,Dry,Calm / Light,9.099999999999998,2026,9,20,Sunday,Autumn,20.25
2026-09-21,27.3,20.2,0.0,0.0,11.6,29.2,45,Mohammedia,33.6833,-7.3833,2026-09-19,Normal / Pleasant,Dry,Calm / Light,7.100000000000001,2026,9,21,Monday,Autumn,8.0
2026-09-22,27.9,20.0,0.0,0.0,12.0,30.2,45,Mohammedia,33.6833,-7.3833,2026-09-19,Normal / Pleasant,Dry,Calm / Light,7.899999999999999,2026,9,22,Tuesday,Autumn,23.75
2026-09-23,26.8,18.3,0.0,0.0,12.1,29.9,45,Mohammedia,33.6833,-7.3833,2026-09-19,Normal / Pleasant,Dry,Calm / Light,8.5,2026,9,23,Wednesday,Autumn,8.0
2026-09-24,31.3,18.0,0.0,0.0,14.7,28.1,45,Mohammedia,33.6833,-7.3833,2026-09-19,Normal / Pleasant,Dry,Calm / Light,13.3,2026,9,24,Thursday,Autumn,20.25
2026-09-25,27.6,19.8,0.0,0.0,15.6,30.6,45,Mohammedia,33.6833,-7.3833,2026-09-19,Normal / Pleasant,Dry,Moderate,7.800000000000001,2026,9,25,Friday,Autumn,23.75
2026-09-19,26.8,20.0,0.0,0.0,18.7,29.5,2,Moulay Abdallah,33.1978,-8.5883,2026-09-19,Normal / Pleasant,Dry,Moderate,6.800000000000001,2026,9,19,Saturday,Autumn,8.0
2026-09-20,27.4,20.3,0.0,0.0,13.9,22.3,45,Moulay Abdallah,33.1978,-8.5883,2026-09-19,Normal / Pleasant,Dry,Calm / Light,7.099999999999998,2026,9,20,Sunday,Autumn,8.0
2026-09-21,28.6,20.8,0.0,0.0,14.1,22.0,45,Moulay Abdallah,33.1978,-8.5883,2026-09-19,Normal / Pleasant,Dry,Calm / Light,7.800000000000001,2026,9,21,Monday,Autumn,20.25
2026-09-22,26.2,20.3,0.0,0.0,13.5,20.9,45,Moulay Abdallah,33.1978,-8.5883,2026-09-19,Normal / Pleasant,Dry,Calm / Light,5.899999999999999,2026,9,22,Tuesday,Autumn,8.0
2026-09-23,26.8,20.8,0.0,0.0,13.5,20.5,45,Moulay Abdallah,33.1978,-8.5883,2026-09-19,Normal / Pleasant,Dry,Calm / Light,6.0,2026,9,23,Wednesday,Autumn,8.0
2026-09-24,26.1,19.8,0.0,0.0,12.5,24.5,45,Moulay Abdallah,33.1978,-8.5883,2026-09-19,Normal / Pleasant,Dry,Calm / Light,6.300000000000001,2026,9,24,Thursday,Autumn,8.0
2026-09-25,25.3,19.6,0.0,0.0,11.5,23.4,45,Moulay Abdallah,33.1978,-8.5883,2026-09-19,Normal / Pleasant,Dry,Calm / Light,5.699999999999999,2026,9,25,Friday,Autumn,8.0
2026-09-19,30.1,18.1,0.0,0.0,16.4,27.7,1,Moulay Bousselham,34.8786,-6.2933,2026-09-19,Normal / Pleasant,Dry,Moderate,12.0,2026,9,19,Saturday,Autumn,20.25
2026-09-20,33.5,21.0,0.0,0.0,18.7,31.3,0,Moulay Bousselham,34.8786,-6.2933,2026-09-19,Warm,Dry,Moderate,12.5,2026,9,20,Sunday,Autumn,46.5
2026-09-21,30.6,20.5,0.0,0.0,17.7,29.5,0,Moulay Bousselham,34.8786,-6.2933,2026-09-19,Normal / Pleasant,Dry,Moderate,10.100000000000001,2026,9,21,Monday,Autumn,20.25
2026-09-22,30.8,19.8,0.0,0.0,18.7,30.6,0,Moulay Bousselham,34.8786,-6.2933,2026-09-19,Normal / Pleasant,Dry,Moderate,11.0,2026,9,22,Tuesday,Autumn,36.0
2026-09-23,31.6,17.5,0.0,0.0,19.9,33.5,0,Moulay Bousselham,34.8786,-6.2933,2026-09-19,Normal / Pleasant,Dry,Moderate,14.100000000000001,2026,9,23,Wednesday,Autumn,36.0
2026-09-24,30.6,18.4,0.0,0.0,15.1,27.0,45,Moulay Bousselham,34.8786,-6.2933,2026-09-19,Normal / Pleasant,Dry,Moderate,12.200000000000003,2026,9,24,Thursday,Autumn,20.25
2026-09-25,26.6,19.4,0.0,0.0,14.1,25.6,45,Moulay Bousselham,34.8786,-6.2933,2026-09-19,Normal / Pleasant,Dry,Calm / Light,7.200000000000003,2026,9,25,Friday,Autumn,8.0
2026-09-19,31.9,18.2,0.2,10.0,17.2,36.4,3,Mrirt,33.1654,-5.5634,2026-09-19,Normal / Pleasant,Light,Moderate,13.7,2026,9,19,Saturday,Autumn,42.0
2026-09-20,32.8,17.8,0.0,8.0,21.8,50.4,2,Mrirt,33.1654,-5.5634,2026-09-19,Warm,Dry,Moderate,14.999999999999996,2026,9,20,Sunday,Autumn,51.75
2026-09-21,31.8,17.8,0.0,0.0,23.4,47.9,2,Mrirt,33.1654,-5.5634,2026-09-19,Normal / Pleasant,Dry,Moderate,14.0,2026,9,21,Monday,Autumn,51.75
2026-09-22,31.3,16.1,0.0,0.0,20.5,42.1,2,Mrirt,33.1654,-5.5634,2026-09-19,Normal / Pleasant,Dry,Moderate,15.2,2026,9,22,Tuesday,Autumn,36.0
2026-09-23,32.5,16.1,0.0,0.0,15.3,36.0,1,Mrirt,33.1654,-5.5634,2026-09-19,Warm,Dry,Moderate,16.4,2026,9,23,Wednesday,Autumn,36.0
2026-09-24,32.2,15.0,0.0,0.0,13.8,26.6,0,Mrirt,33.1654,-5.5634,2026-09-19,Warm,Dry,Calm / Light,17.200000000000003,2026,9,24,Thursday,Autumn,20.25
2026-09-25,31.7,15.5,0.0,7.0,15.3,34.9,3,Mrirt,33.1654,-5.5634,2026-09-19,Normal / Pleasant,Dry,Moderate,16.2,2026,9,25,Friday,Autumn,36.0
2026-09-19,26.0,19.9,0.0,0.0,17.5,38.2,45,My Drarga,30.3805,-9.4763,2026-09-19,Normal / Pleasant,Dry,Moderate,6.100000000000001,2026,9,19,Saturday,Autumn,23.75
2026-09-20,27.2,19.7,0.0,0.0,15.5,34.2,45,My Drarga,30.3805,-9.4763,2026-09-19,Normal / Pleasant,Dry,Moderate,7.5,2026,9,20,Sunday,Autumn,23.75
2026-09-21,35.0,21.9,0.0,0.0,12.4,26.3,3,My Drarga,30.3805,-9.4763,2026-09-19,Warm,Dry,Calm / Light,13.100000000000001,2026,9,21,Monday,Autumn,30.75
2026-09-22,34.3,22.0,0.0,0.0,18.2,39.2,2,My Drarga,30.3805,-9.4763,2026-09-19,Warm,Dry,Moderate,12.299999999999997,2026,9,22,Tuesday,Autumn,46.5
2026-09-23,33.5,21.2,0.0,0.0,13.8,29.5,0,My Drarga,30.3805,-9.4763,2026-09-19,Warm,Dry,Calm / Light,12.3,2026,9,23,Wednesday,Autumn,30.75
2026-09-24,39.0,21.8,0.0,0.0,14.2,30.6,3,My Drarga,30.3805,-9.4763,2026-09-19,Very Warm / Heatwave,Dry,Calm / Light,17.2,2026,9,24,Thursday,Autumn,55.25
2026-09-25,31.1,21.0,0.0,0.0,14.0,28.1,45,My Drarga,30.3805,-9.4763,2026-09-19,Normal / Pleasant,Dry,Calm / Light,10.100000000000001,2026,9,25,Friday,Autumn,20.25
2026-09-19,24.3,21.9,3.5,0.0,26.1,56.5,80,M’diq,35.68,-5.32,2026-09-19,Cool / Mild,Moderate,Strong,2.400000000000002,2026,9,19,Saturday,Autumn,51.5
2026-09-20,24.4,22.6,2.8,0.0,23.4,50.4,80,M’diq,35.68,-5.32,2026-09-19,Cool / Mild,Moderate,Moderate,1.7999999999999972,2026,9,20,Sunday,Autumn,51.5
2026-09-21,25.5,21.5,0.0,0.0,21.7,48.6,2,M’diq,35.68,-5.32,2026-09-19,Normal / Pleasant,Dry,Moderate,4.0,2026,9,21,Monday,Autumn,39.5
2026-09-22,24.6,21.0,0.0,0.0,18.4,40.0,2,M’diq,35.68,-5.32,2026-09-19,Cool / Mild,Dry,Moderate,3.6000000000000014,2026,9,22,Tuesday,Autumn,23.75
2026-09-23,24.7,20.4,0.0,0.0,17.3,37.4,2,M’diq,35.68,-5.32,2026-09-19,Cool / Mild,Dry,Moderate,4.300000000000001,2026,9,23,Wednesday,Autumn,23.75
2026-09-24,27.5,21.6,0.0,0.0,16.5,40.0,45,M’diq,35.68,-5.32,2026-09-19,Normal / Pleasant,Dry,Moderate,5.899999999999999,2026,9,24,Thursday,Autumn,23.75
2026-09-25,30.4,19.9,0.0,0.0,9.4,19.8,45,M’diq,35.68,-5.32,2026-09-19,Normal / Pleasant,Dry,Calm / Light,10.5,2026,9,25,Friday,Autumn,20.25
2026-09-19,25.4,22.8,4.2,3.0,21.5,47.9,80,Nador,35.1667,-2.9333,2026-09-19,Normal / Pleasant,Moderate,Moderate,2.599999999999998,2026,9,19,Saturday,Autumn,51.5
2026-09-20,26.1,23.4,4.0,15.0,22.6,46.8,80,Nador,35.1667,-2.9333,2026-09-19,Normal / Pleasant,Moderate,Moderate,2.700000000000003,2026,9,20,Sunday,Autumn,51.5
2026-09-21,26.2,22.9,0.0,0.0,16.8,36.7,2,Nador,35.1667,-2.9333,2026-09-19,Normal / Pleasant,Dry,Moderate,3.3000000000000007,2026,9,21,Monday,Autumn,23.75
2026-09-22,25.7,20.5,0.0,0.0,13.0,29.2,2,Nador,35.1667,-2.9333,2026-09-19,Normal / Pleasant,Dry,Calm / Light,5.199999999999999,2026,9,22,Tuesday,Autumn,8.0
2026-09-23,25.8,21.5,0.0,0.0,13.1,30.2,2,Nador,35.1667,-2.9333,2026-09-19,Normal / Pleasant,Dry,Calm / Light,4.300000000000001,2026,9,23,Wednesday,Autumn,23.75
2026-09-24,28.1,20.0,0.0,0.0,17.8,32.0,45,Nador,35.1667,-2.9333,2026-09-19,Normal / Pleasant,Dry,Moderate,8.100000000000001,2026,9,24,Thursday,Autumn,36.0
2026-09-25,28.7,18.5,0.0,0.0,14.8,27.7,3,Nador,35.1667,-2.9333,2026-09-19,Normal / Pleasant,Dry,Calm / Light,10.2,2026,9,25,Friday,Autumn,20.25
2026-09-19,34.4,19.2,0.0,0.0,21.4,45.0,2,Oued Zem,32.8619,-6.5711,2026-09-19,Warm,Dry,Moderate,15.2,2026,9,19,Saturday,Autumn,46.5
2026-09-20,35.2,22.2,0.1,8.0,19.9,49.7,80,Oued Zem,32.8619,-6.5711,2026-09-19,Warm,Light,Moderate,13.000000000000004,2026,9,20,Sunday,Autumn,68.25
2026-09-21,34.5,21.7,0.0,3.0,22.9,48.6,3,Oued Zem,32.8619,-6.5711,2026-09-19,Warm,Dry,Moderate,12.8,2026,9,21,Monday,Autumn,62.25
2026-09-22,33.9,21.8,0.0,0.0,14.5,32.4,2,Oued Zem,32.8619,-6.5711,2026-09-19,Warm,Dry,Calm / Light,12.099999999999998,2026,9,22,Tuesday,Autumn,46.5
2026-09-23,34.1,19.8,0.0,0.0,11.8,29.5,0,Oued Zem,32.8619,-6.5711,2026-09-19,Warm,Dry,Calm / Light,14.3,2026,9,23,Wednesday,Autumn,30.75
2026-09-24,33.5,19.0,0.0,0.0,12.7,27.0,2,Oued Zem,32.8619,-6.5711,2026-09-19,Warm,Dry,Calm / Light,14.5,2026,9,24,Thursday,Autumn,30.75
2026-09-25,31.6,18.4,0.0,0.0,16.5,34.2,3,Oued Zem,32.8619,-6.5711,2026-09-19,Normal / Pleasant,Dry,Moderate,13.200000000000003,2026,9,25,Friday,Autumn,36.0
2026-09-19,35.3,17.6,0.0,0.0,17.8,35.3,2,Ouezzane,34.8,-5.6,2026-09-19,Warm,Dry,Moderate,17.699999999999996,2026,9,19,Saturday,Autumn,46.5
2026-09-20,36.3,21.1,0.0,0.0,14.4,28.1,2,Ouezzane,34.8,-5.6,2026-09-19,Warm,Dry,Calm / Light,15.199999999999996,2026,9,20,Sunday,Autumn,30.75
2026-09-21,35.5,20.4,0.0,0.0,11.5,23.8,1,Ouezzane,34.8,-5.6,2026-09-19,Warm,Dry,Calm / Light,15.100000000000001,2026,9,21,Monday,Autumn,30.75
2026-09-22,34.8,17.8,0.0,0.0,9.8,21.6,0,Ouezzane,34.8,-5.6,2026-09-19,Warm,Dry,Calm / Light,16.999999999999996,2026,9,22,Tuesday,Autumn,30.75
2026-09-23,35.2,17.5,0.0,0.0,14.3,26.6,0,Ouezzane,34.8,-5.6,2026-09-19,Warm,Dry,Calm / Light,17.700000000000003,2026,9,23,Wednesday,Autumn,30.75
2026-09-24,35.8,18.0,0.0,0.0,12.9,31.7,1,Ouezzane,34.8,-5.6,2026-09-19,Warm,Dry,Calm / Light,17.799999999999997,2026,9,24,Thursday,Autumn,46.5
2026-09-25,31.3,17.7,0.0,3.0,15.3,32.0,45,Ouezzane,34.8,-5.6,2026-09-19,Normal / Pleasant,Dry,Moderate,13.600000000000001,2026,9,25,Friday,Autumn,36.0
2026-09-19,29.8,19.3,3.0,58.0,16.3,37.4,81,Oujda-Angad,34.6867,-1.9114,2026-09-19,Normal / Pleasant,Moderate,Moderate,10.5,2026,9,19,Saturday,Autumn,48.0
2026-09-20,29.4,18.6,0.4,18.0,19.1,40.7,80,Oujda-Angad,34.6867,-1.9114,2026-09-19,Normal / Pleasant,Light,Moderate,10.799999999999997,2026,9,20,Sunday,Autumn,42.0
2026-09-21,26.5,18.1,0.2,3.0,18.2,38.2,45,Oujda-Angad,34.6867,-1.9114,2026-09-19,Normal / Pleasant,Light,Moderate,8.399999999999999,2026,9,21,Monday,Autumn,29.75
2026-09-22,28.2,14.8,0.0,0.0,15.3,35.6,45,Oujda-Angad,34.6867,-1.9114,2026-09-19,Normal / Pleasant,Dry,Moderate,13.399999999999999,2026,9,22,Tuesday,Autumn,36.0
2026-09-23,30.1,15.3,0.0,0.0,18.4,38.9,2,Oujda-Angad,34.6867,-1.9114,2026-09-19,Normal / Pleasant,Dry,Moderate,14.8,2026,9,23,Wednesday,Autumn,36.0
2026-09-24,34.6,18.8,0.0,0.0,11.9,34.2,1,Oujda-Angad,34.6867,-1.9114,2026-09-19,Warm,Dry,Calm / Light,15.8,2026,9,24,Thursday,Autumn,46.5
2026-09-25,34.3,21.3,0.0,0.0,22.8,41.0,3,Oujda-Angad,34.6867,-1.9114,2026-09-19,Warm,Dry,Moderate,12.999999999999996,2026,9,25,Friday,Autumn,46.5
2026-09-19,36.4,20.3,0.0,3.0,26.6,48.2,2,Oulad Barhil,30.6408,-8.475,2026-09-19,Warm,Dry,Strong,16.099999999999998,2026,9,19,Saturday,Autumn,62.25
2026-09-20,37.6,21.9,0.0,3.0,27.2,48.2,2,Oulad Barhil,30.6408,-8.475,2026-09-19,Very Warm / Heatwave,Dry,Strong,15.700000000000003,2026,9,20,Sunday,Autumn,71.0
2026-09-21,38.0,21.7,0.0,0.0,32.1,56.9,3,Oulad Barhil,30.6408,-8.475,2026-09-19,Very Warm / Heatwave,Dry,Strong,16.3,2026,9,21,Monday,Autumn,71.0
2026-09-22,38.1,20.2,0.0,0.0,26.6,48.6,1,Oulad Barhil,30.6408,-8.475,2026-09-19,Very Warm / Heatwave,Dry,Strong,17.900000000000002,2026,9,22,Tuesday,Autumn,71.0
2026-09-23,38.2,19.2,0.0,5.0,23.0,43.6,0,Oulad Barhil,30.6408,-8.475,2026-09-19,Very Warm / Heatwave,Dry,Moderate,19.000000000000004,2026,9,23,Wednesday,Autumn,55.25
2026-09-24,37.8,17.8,0.0,1.0,26.8,49.0,3,Oulad Barhil,30.6408,-8.475,2026-09-19,Very Warm / Heatwave,Dry,Strong,19.999999999999996,2026,9,24,Thursday,Autumn,71.0
2026-09-25,35.6,20.2,0.0,0.0,21.6,40.0,3,Oulad Barhil,30.6408,-8.475,2026-09-19,Warm,Dry,Moderate,15.400000000000002,2026,9,25,Friday,Autumn,46.5
2026-09-19,33.1,19.7,0.0,5.0,20.9,40.0,2,Oulad Tayeb,33.9598,-4.9954,2026-09-19,Warm,Dry,Moderate,13.400000000000002,2026,9,19,Saturday,Autumn,46.5
2026-09-20,34.9,20.0,0.0,0.0,15.9,30.6,1,Oulad Tayeb,33.9598,-4.9954,2026-09-19,Warm,Dry,Moderate,14.899999999999999,2026,9,20,Sunday,Autumn,46.5
2026-09-21,34.1,20.5,0.0,0.0,14.1,27.7,1,Oulad Tayeb,33.9598,-4.9954,2026-09-19,Warm,Dry,Calm / Light,13.600000000000001,2026,9,21,Monday,Autumn,30.75
2026-09-22,33.0,19.4,0.0,0.0,12.5,25.2,0,Oulad Tayeb,33.9598,-4.9954,2026-09-19,Warm,Dry,Calm / Light,13.600000000000001,2026,9,22,Tuesday,Autumn,20.25
2026-09-23,34.5,18.3,0.0,0.0,11.4,23.4,0,Oulad Tayeb,33.9598,-4.9954,2026-09-19,Warm,Dry,Calm / Light,16.2,2026,9,23,Wednesday,Autumn,30.75
2026-09-24,35.2,21.1,0.0,0.0,13.7,33.5,2,Oulad Tayeb,33.9598,-4.9954,2026-09-19,Warm,Dry,Calm / Light,14.100000000000001,2026,9,24,Thursday,Autumn,46.5
2026-09-25,32.7,19.2,0.0,0.0,16.3,40.3,3,Oulad Tayeb,33.9598,-4.9954,2026-09-19,Warm,Dry,Moderate,13.500000000000004,2026,9,25,Friday,Autumn,36.0
2026-09-19,29.5,19.0,0.0,0.0,25.6,47.9,2,Oulad Teïma,30.4,-9.21,2026-09-19,Normal / Pleasant,Dry,Strong,10.5,2026,9,19,Saturday,Autumn,51.75
2026-09-20,30.9,19.1,0.0,0.0,23.2,43.9,45,Oulad Teïma,30.4,-9.21,2026-09-19,Normal / Pleasant,Dry,Moderate,11.799999999999997,2026,9,20,Sunday,Autumn,36.0
2026-09-21,40.3,21.6,0.0,0.0,20.5,37.1,3,Oulad Teïma,30.4,-9.21,2026-09-19,Very Warm / Heatwave,Dry,Moderate,18.699999999999996,2026,9,21,Monday,Autumn,55.25
2026-09-22,38.4,20.7,0.0,0.0,28.9,55.4,2,Oulad Teïma,30.4,-9.21,2026-09-19,Very Warm / Heatwave,Dry,Strong,17.7,2026,9,22,Tuesday,Autumn,71.0
2026-09-23,39.2,19.4,0.0,0.0,24.0,44.6,0,Oulad Teïma,30.4,-9.21,2026-09-19,Very Warm / Heatwave,Dry,Moderate,19.800000000000004,2026,9,23,Wednesday,Autumn,55.25
2026-09-24,39.0,20.1,0.0,0.0,26.4,43.6,3,Oulad Teïma,30.4,-9.21,2026-09-19,Very Warm / Heatwave,Dry,Strong,18.9,2026,9,24,Thursday,Autumn,55.25
2026-09-25,29.4,19.8,0.0,0.0,28.3,48.6,45,Oulad Teïma,30.4,-9.21,2026-09-19,Normal / Pleasant,Dry,Strong,9.599999999999998,2026,9,25,Friday,Autumn,51.75
2026-09-19,37.2,21.3,0.0,3.0,14.5,28.1,3,Oulad Yaïch,32.4167,-6.3333,2026-09-19,Very Warm / Heatwave,Dry,Calm / Light,15.900000000000002,2026,9,19,Saturday,Autumn,39.5
2026-09-20,38.3,23.5,0.0,3.0,15.3,31.0,3,Oulad Yaïch,32.4167,-6.3333,2026-09-19,Very Warm / Heatwave,Dry,Moderate,14.799999999999997,2026,9,20,Sunday,Autumn,55.25
2026-09-21,36.9,22.8,0.0,0.0,14.1,26.3,3,Oulad Yaïch,32.4167,-6.3333,2026-09-19,Warm,Dry,Calm / Light,14.099999999999998,2026,9,21,Monday,Autumn,30.75
2026-09-22,36.5,22.9,0.0,0.0,11.0,20.5,2,Oulad Yaïch,32.4167,-6.3333,2026-09-19,Warm,Dry,Calm / Light,13.600000000000001,2026,9,22,Tuesday,Autumn,30.75
2026-09-23,36.8,21.6,0.0,0.0,10.0,19.1,0,Oulad Yaïch,32.4167,-6.3333,2026-09-19,Warm,Dry,Calm / Light,15.199999999999996,2026,9,23,Wednesday,Autumn,30.75
2026-09-24,36.1,24.8,0.0,3.0,17.4,32.8,1,Oulad Yaïch,32.4167,-6.3333,2026-09-19,Warm,Dry,Moderate,11.3,2026,9,24,Thursday,Autumn,46.5
2026-09-25,33.7,24.1,0.0,4.0,10.8,25.2,3,Oulad Yaïch,32.4167,-6.3333,2026-09-19,Warm,Dry,Calm / Light,9.600000000000001,2026,9,25,Friday,Autumn,30.75
2026-09-19,37.0,20.1,0.0,0.0,15.6,28.4,3,Qasbat Tadla,32.6,-6.26,2026-09-19,Very Warm / Heatwave,Dry,Moderate,16.9,2026,9,19,Saturday,Autumn,30.75
2026-09-20,38.1,22.1,0.0,0.0,23.2,41.4,3,Qasbat Tadla,32.6,-6.26,2026-09-19,Very Warm / Heatwave,Dry,Moderate,16.0,2026,9,20,Sunday,Autumn,55.25
2026-09-21,36.7,20.8,0.1,0.0,16.6,31.3,3,Qasbat Tadla,32.6,-6.26,2026-09-19,Warm,Light,Moderate,15.900000000000002,2026,9,21,Monday,Autumn,52.5
2026-09-22,36.3,20.2,0.0,0.0,13.0,23.8,2,Qasbat Tadla,32.6,-6.26,2026-09-19,Warm,Dry,Calm / Light,16.099999999999998,2026,9,22,Tuesday,Autumn,30.75
2026-09-23,36.6,18.8,0.0,0.0,8.8,17.3,0,Qasbat Tadla,32.6,-6.26,2026-09-19,Warm,Dry,Calm / Light,17.8,2026,9,23,Wednesday,Autumn,30.75
2026-09-24,36.8,14.4,0.0,3.0,13.5,25.2,1,Qasbat Tadla,32.6,-6.26,2026-09-19,Warm,Dry,Calm / Light,22.4,2026,9,24,Thursday,Autumn,30.75
2026-09-25,34.7,18.0,0.0,4.0,11.7,23.0,3,Qasbat Tadla,32.6,-6.26,2026-09-19,Warm,Dry,Calm / Light,16.700000000000003,2026,9,25,Friday,Autumn,30.75
2026-09-19,28.8,17.1,0.0,0.0,12.6,32.8,2,Rabat,34.0211,-6.8414,2026-09-19,Normal / Pleasant,Dry,Calm / Light,11.7,2026,9,19,Saturday,Autumn,36.0
2026-09-20,31.0,20.0,0.0,0.0,11.9,31.3,0,Rabat,34.0211,-6.8414,2026-09-19,Normal / Pleasant,Dry,Calm / Light,11.0,2026,9,20,Sunday,Autumn,36.0
2026-09-21,30.4,20.8,0.0,0.0,11.5,31.0,1,Rabat,34.0211,-6.8414,2026-09-19,Normal / Pleasant,Dry,Calm / Light,9.599999999999998,2026,9,21,Monday,Autumn,36.0
2026-09-22,29.9,20.3,0.0,0.0,10.8,28.8,0,Rabat,34.0211,-6.8414,2026-09-19,Normal / Pleasant,Dry,Calm / Light,9.599999999999998,2026,9,22,Tuesday,Autumn,20.25
2026-09-23,28.6,18.2,0.0,0.0,11.4,29.2,0,Rabat,34.0211,-6.8414,2026-09-19,Normal / Pleasant,Dry,Calm / Light,10.400000000000002,2026,9,23,Wednesday,Autumn,20.25
2026-09-24,27.5,19.5,0.0,0.0,10.7,25.6,45,Rabat,34.0211,-6.8414,2026-09-19,Normal / Pleasant,Dry,Calm / Light,8.0,2026,9,24,Thursday,Autumn,8.0
2026-09-25,25.7,20.4,0.0,0.0,11.5,27.7,45,Rabat,34.0211,-6.8414,2026-09-19,Normal / Pleasant,Dry,Calm / Light,5.300000000000001,2026,9,25,Friday,Autumn,8.0
2026-09-19,27.4,19.0,0.0,0.0,19.3,36.0,2,Safi,32.2833,-9.2333,2026-09-19,Normal / Pleasant,Dry,Moderate,8.399999999999999,2026,9,19,Saturday,Autumn,23.75
2026-09-20,24.5,19.2,0.0,0.0,9.4,18.7,45,Safi,32.2833,-9.2333,2026-09-19,Cool / Mild,Dry,Calm / Light,5.300000000000001,2026,9,20,Sunday,Autumn,8.0
2026-09-21,26.8,19.1,0.0,0.0,8.6,18.4,45,Safi,32.2833,-9.2333,2026-09-19,Normal / Pleasant,Dry,Calm / Light,7.699999999999999,2026,9,21,Monday,Autumn,8.0
2026-09-22,26.3,18.4,0.0,0.0,12.0,23.8,45,Safi,32.2833,-9.2333,2026-09-19,Normal / Pleasant,Dry,Calm / Light,7.900000000000002,2026,9,22,Tuesday,Autumn,8.0
2026-09-23,24.6,18.5,0.0,0.0,9.3,18.7,45,Safi,32.2833,-9.2333,2026-09-19,Cool / Mild,Dry,Calm / Light,6.100000000000001,2026,9,23,Wednesday,Autumn,8.0
2026-09-24,26.9,18.2,0.0,0.0,12.7,25.6,45,Safi,32.2833,-9.2333,2026-09-19,Normal / Pleasant,Dry,Calm / Light,8.7,2026,9,24,Thursday,Autumn,8.0
2026-09-25,26.7,19.8,0.0,0.0,14.5,29.9,3,Safi,32.2833,-9.2333,2026-09-19,Normal / Pleasant,Dry,Calm / Light,6.899999999999999,2026,9,25,Friday,Autumn,8.0
2026-09-19,28.7,17.0,0.0,0.0,12.6,32.8,2,Sale,34.05,-6.8167,2026-09-19,Normal / Pleasant,Dry,Calm / Light,11.7,2026,9,19,Saturday,Autumn,36.0
2026-09-20,30.9,19.9,0.0,0.0,11.9,31.3,0,Sale,34.05,-6.8167,2026-09-19,Normal / Pleasant,Dry,Calm / Light,11.0,2026,9,20,Sunday,Autumn,36.0
2026-09-21,30.4,20.7,0.0,0.0,11.5,31.0,1,Sale,34.05,-6.8167,2026-09-19,Normal / Pleasant,Dry,Calm / Light,9.7,2026,9,21,Monday,Autumn,36.0
2026-09-22,29.9,20.2,0.0,0.0,10.8,28.8,0,Sale,34.05,-6.8167,2026-09-19,Normal / Pleasant,Dry,Calm / Light,9.7,2026,9,22,Tuesday,Autumn,20.25
2026-09-23,28.6,18.2,0.0,0.0,11.4,29.2,0,Sale,34.05,-6.8167,2026-09-19,Normal / Pleasant,Dry,Calm / Light,10.400000000000002,2026,9,23,Wednesday,Autumn,20.25
2026-09-24,27.4,19.4,0.0,0.0,10.7,25.6,45,Sale,34.05,-6.8167,2026-09-19,Normal / Pleasant,Dry,Calm / Light,8.0,2026,9,24,Thursday,Autumn,8.0
2026-09-25,25.7,20.3,0.0,0.0,11.5,27.7,45,Sale,34.05,-6.8167,2026-09-19,Normal / Pleasant,Dry,Calm / Light,5.399999999999999,2026,9,25,Friday,Autumn,8.0
2026-09-19,32.8,18.7,0.0,0.0,14.8,29.5,2,Sebt Gzoula,32.1219,-9.0889,2026-09-19,Warm,Dry,Calm / Light,14.099999999999998,2026,9,19,Saturday,Autumn,20.25
2026-09-20,30.0,20.7,0.0,0.0,15.2,29.9,2,Sebt Gzoula,32.1219,-9.0889,2026-09-19,Normal / Pleasant,Dry,Moderate,9.3,2026,9,20,Sunday,Autumn,20.25
2026-09-21,34.3,21.0,0.0,0.0,12.2,24.1,3,Sebt Gzoula,32.1219,-9.0889,2026-09-19,Warm,Dry,Calm / Light,13.299999999999997,2026,9,21,Monday,Autumn,30.75
2026-09-22,33.6,19.7,0.0,0.0,16.3,31.3,1,Sebt Gzoula,32.1219,-9.0889,2026-09-19,Warm,Dry,Moderate,13.900000000000002,2026,9,22,Tuesday,Autumn,46.5
2026-09-23,31.8,16.9,0.0,0.0,12.1,24.1,0,Sebt Gzoula,32.1219,-9.0889,2026-09-19,Normal / Pleasant,Dry,Calm / Light,14.900000000000002,2026,9,23,Wednesday,Autumn,20.25
2026-09-24,27.4,16.8,0.0,0.0,12.7,25.9,3,Sebt Gzoula,32.1219,-9.0889,2026-09-19,Normal / Pleasant,Dry,Calm / Light,10.599999999999998,2026,9,24,Thursday,Autumn,8.0
2026-09-25,26.7,19.0,0.0,3.0,15.6,31.0,3,Sebt Gzoula,32.1219,-9.0889,2026-09-19,Normal / Pleasant,Dry,Moderate,7.699999999999999,2026,9,25,Friday,Autumn,23.75
2026-09-19,32.0,20.0,0.6,13.0,18.4,42.1,80,Sefrou,33.83,-4.83,2026-09-19,Warm,Light,Moderate,12.0,2026,9,19,Saturday,Autumn,42.0
2026-09-20,31.8,20.1,0.0,0.0,17.4,38.9,0,Sefrou,33.83,-4.83,2026-09-19,Normal / Pleasant,Dry,Moderate,11.7,2026,9,20,Sunday,Autumn,36.0
2026-09-21,30.7,20.4,0.0,0.0,16.5,36.0,1,Sefrou,33.83,-4.83,2026-09-19,Normal / Pleasant,Dry,Moderate,10.3,2026,9,21,Monday,Autumn,36.0
2026-09-22,29.6,18.8,0.0,0.0,16.3,35.6,0,Sefrou,33.83,-4.83,2026-09-19,Normal / Pleasant,Dry,Moderate,10.8,2026,9,22,Tuesday,Autumn,36.0
2026-09-23,31.1,19.9,0.0,0.0,14.8,32.0,0,Sefrou,33.83,-4.83,2026-09-19,Normal / Pleasant,Dry,Calm / Light,11.200000000000003,2026,9,23,Wednesday,Autumn,36.0
2026-09-24,33.1,18.0,0.0,0.0,15.8,31.7,2,Sefrou,33.83,-4.83,2026-09-19,Warm,Dry,Moderate,15.100000000000001,2026,9,24,Thursday,Autumn,46.5
2026-09-25,31.2,16.8,0.0,0.0,18.9,36.4,3,Sefrou,33.83,-4.83,2026-09-19,Normal / Pleasant,Dry,Moderate,14.399999999999999,2026,9,25,Friday,Autumn,36.0
2026-09-19,32.0,19.7,0.1,0.0,18.6,28.4,51,Semara,26.7394,-11.6703,2026-09-19,Warm,Light,Moderate,12.3,2026,9,19,Saturday,Autumn,26.25
2026-09-20,37.8,18.9,0.0,0.0,21.7,37.8,2,Semara,26.7394,-11.6703,2026-09-19,Very Warm / Heatwave,Dry,Moderate,18.9,2026,9,20,Sunday,Autumn,55.25
2026-09-21,41.9,25.2,0.0,10.0,23.8,41.4,3,Semara,26.7394,-11.6703,2026-09-19,Very Warm / Heatwave,Dry,Moderate,16.7,2026,9,21,Monday,Autumn,55.25
2026-09-22,41.6,25.0,0.0,8.0,25.3,47.9,0,Semara,26.7394,-11.6703,2026-09-19,Very Warm / Heatwave,Dry,Strong,16.6,2026,9,22,Tuesday,Autumn,71.0
2026-09-23,41.7,27.2,0.0,8.0,24.2,46.8,1,Semara,26.7394,-11.6703,2026-09-19,Very Warm / Heatwave,Dry,Moderate,14.500000000000004,2026,9,23,Wednesday,Autumn,71.0
2026-09-24,41.7,26.9,0.0,4.0,29.0,44.6,0,Semara,26.7394,-11.6703,2026-09-19,Very Warm / Heatwave,Dry,Strong,14.800000000000004,2026,9,24,Thursday,Autumn,55.25
2026-09-25,40.1,25.0,0.0,8.0,25.3,51.5,3,Semara,26.7394,-11.6703,2026-09-19,Very Warm / Heatwave,Dry,Strong,15.100000000000001,2026,9,25,Friday,Autumn,71.0
2026-09-19,34.0,17.1,0.0,0.0,16.9,36.4,2,Settat,33.0023,-7.6198,2026-09-19,Warm,Dry,Moderate,16.9,2026,9,19,Saturday,Autumn,46.5
2026-09-20,36.2,20.7,0.0,0.0,17.4,38.2,1,Settat,33.0023,-7.6198,2026-09-19,Warm,Dry,Moderate,15.500000000000004,2026,9,20,Sunday,Autumn,46.5
2026-09-21,36.3,21.3,0.0,0.0,17.0,40.7,2,Settat,33.0023,-7.6198,2026-09-19,Warm,Dry,Moderate,14.999999999999996,2026,9,21,Monday,Autumn,46.5
2026-09-22,36.2,19.2,0.0,0.0,15.2,36.4,1,Settat,33.0023,-7.6198,2026-09-19,Warm,Dry,Moderate,17.000000000000004,2026,9,22,Tuesday,Autumn,46.5
2026-09-23,36.2,18.2,0.0,0.0,14.8,35.3,0,Settat,33.0023,-7.6198,2026-09-19,Warm,Dry,Calm / Light,18.000000000000004,2026,9,23,Wednesday,Autumn,46.5
2026-09-24,36.4,17.1,0.0,0.0,14.8,34.6,3,Settat,33.0023,-7.6198,2026-09-19,Warm,Dry,Calm / Light,19.299999999999997,2026,9,24,Thursday,Autumn,46.5
2026-09-25,29.8,17.3,0.0,3.0,15.5,30.6,3,Settat,33.0023,-7.6198,2026-09-19,Normal / Pleasant,Dry,Moderate,12.5,2026,9,25,Friday,Autumn,36.0
2026-09-19,33.5,16.7,0.0,0.0,19.5,34.6,3,Sidi Bennour,32.655,-8.4292,2026-09-19,Warm,Dry,Moderate,16.8,2026,9,19,Saturday,Autumn,46.5
2026-09-20,35.2,19.0,0.0,0.0,17.6,30.2,2,Sidi Bennour,32.655,-8.4292,2026-09-19,Warm,Dry,Moderate,16.200000000000003,2026,9,20,Sunday,Autumn,46.5
2026-09-21,37.8,19.6,0.0,0.0,17.8,31.7,3,Sidi Bennour,32.655,-8.4292,2026-09-19,Very Warm / Heatwave,Dry,Moderate,18.199999999999996,2026,9,21,Monday,Autumn,55.25
2026-09-22,36.4,18.1,0.0,0.0,16.2,30.6,45,Sidi Bennour,32.655,-8.4292,2026-09-19,Warm,Dry,Moderate,18.299999999999997,2026,9,22,Tuesday,Autumn,46.5
2026-09-23,35.8,18.3,0.0,0.0,13.8,27.7,45,Sidi Bennour,32.655,-8.4292,2026-09-19,Warm,Dry,Calm / Light,17.499999999999996,2026,9,23,Wednesday,Autumn,30.75
2026-09-24,34.6,16.6,0.0,3.0,17.4,32.8,3,Sidi Bennour,32.655,-8.4292,2026-09-19,Warm,Dry,Moderate,18.0,2026,9,24,Thursday,Autumn,46.5
2026-09-25,29.4,18.4,0.0,3.0,18.1,33.5,45,Sidi Bennour,32.655,-8.4292,2026-09-19,Normal / Pleasant,Dry,Moderate,11.0,2026,9,25,Friday,Autumn,36.0
2026-09-19,34.0,19.3,0.0,0.0,15.0,25.9,2,Sidi Lmokhtar,31.57,-9.01,2026-09-19,Warm,Dry,Moderate,14.7,2026,9,19,Saturday,Autumn,30.75
2026-09-20,33.9,22.0,0.0,0.0,18.2,31.0,2,Sidi Lmokhtar,31.57,-9.01,2026-09-19,Warm,Dry,Moderate,11.899999999999999,2026,9,20,Sunday,Autumn,46.5
2026-09-21,37.0,22.1,0.0,0.0,19.1,29.9,3,Sidi Lmokhtar,31.57,-9.01,2026-09-19,Very Warm / Heatwave,Dry,Moderate,14.899999999999999,2026,9,21,Monday,Autumn,30.75
2026-09-22,37.3,19.7,0.0,0.0,19.2,32.4,0,Sidi Lmokhtar,31.57,-9.01,2026-09-19,Very Warm / Heatwave,Dry,Moderate,17.599999999999998,2026,9,22,Tuesday,Autumn,55.25
2026-09-23,36.6,17.4,0.0,0.0,16.5,27.7,1,Sidi Lmokhtar,31.57,-9.01,2026-09-19,Warm,Dry,Moderate,19.200000000000003,2026,9,23,Wednesday,Autumn,30.75
2026-09-24,35.4,17.0,0.0,0.0,23.0,38.2,3,Sidi Lmokhtar,31.57,-9.01,2026-09-19,Warm,Dry,Moderate,18.4,2026,9,24,Thursday,Autumn,46.5
2026-09-25,29.8,19.2,0.0,0.0,21.6,38.2,3,Sidi Lmokhtar,31.57,-9.01,2026-09-19,Normal / Pleasant,Dry,Moderate,10.600000000000001,2026,9,25,Friday,Autumn,36.0
2026-09-19,36.7,20.7,0.0,0.0,17.3,37.1,1,Sidi Qacem,34.21,-5.7,2026-09-19,Warm,Dry,Moderate,16.000000000000004,2026,9,19,Saturday,Autumn,46.5
2026-09-20,37.7,24.9,0.0,0.0,16.2,35.3,0,Sidi Qacem,34.21,-5.7,2026-09-19,Very Warm / Heatwave,Dry,Moderate,12.800000000000004,2026,9,20,Sunday,Autumn,55.25
2026-09-21,37.0,23.9,0.0,0.0,13.1,29.5,0,Sidi Qacem,34.21,-5.7,2026-09-19,Very Warm / Heatwave,Dry,Calm / Light,13.100000000000001,2026,9,21,Monday,Autumn,30.75
2026-09-22,36.0,23.5,0.0,0.0,10.7,24.8,0,Sidi Qacem,34.21,-5.7,2026-09-19,Warm,Dry,Calm / Light,12.5,2026,9,22,Tuesday,Autumn,30.75
2026-09-23,36.6,20.7,0.0,0.0,8.7,21.6,0,Sidi Qacem,34.21,-5.7,2026-09-19,Warm,Dry,Calm / Light,15.900000000000002,2026,9,23,Wednesday,Autumn,30.75
2026-09-24,36.4,19.1,0.0,0.0,15.4,35.3,1,Sidi Qacem,34.21,-5.7,2026-09-19,Warm,Dry,Moderate,17.299999999999997,2026,9,24,Thursday,Autumn,46.5
2026-09-25,31.4,18.8,0.0,3.0,16.3,33.8,45,Sidi Qacem,34.21,-5.7,2026-09-19,Normal / Pleasant,Dry,Moderate,12.599999999999998,2026,9,25,Friday,Autumn,36.0
2026-09-19,37.2,19.0,0.0,0.0,16.3,34.9,1,Sidi Slimane,34.26,-5.93,2026-09-19,Very Warm / Heatwave,Dry,Moderate,18.200000000000003,2026,9,19,Saturday,Autumn,55.25
2026-09-20,38.6,23.6,0.0,0.0,16.2,34.6,0,Sidi Slimane,34.26,-5.93,2026-09-19,Very Warm / Heatwave,Dry,Moderate,15.0,2026,9,20,Sunday,Autumn,55.25
2026-09-21,37.7,22.3,0.0,0.0,12.7,29.2,0,Sidi Slimane,34.26,-5.93,2026-09-19,Very Warm / Heatwave,Dry,Calm / Light,15.400000000000002,2026,9,21,Monday,Autumn,39.5
2026-09-22,36.8,22.1,0.0,0.0,12.6,28.8,0,Sidi Slimane,34.26,-5.93,2026-09-19,Warm,Dry,Calm / Light,14.699999999999996,2026,9,22,Tuesday,Autumn,30.75
2026-09-23,37.0,18.0,0.0,0.0,12.5,35.3,0,Sidi Slimane,34.26,-5.93,2026-09-19,Very Warm / Heatwave,Dry,Calm / Light,19.0,2026,9,23,Wednesday,Autumn,46.5
2026-09-24,35.3,16.9,0.0,0.0,17.1,32.4,2,Sidi Slimane,34.26,-5.93,2026-09-19,Warm,Dry,Moderate,18.4,2026,9,24,Thursday,Autumn,46.5
2026-09-25,30.5,19.8,0.0,3.0,17.1,31.7,45,Sidi Slimane,34.26,-5.93,2026-09-19,Normal / Pleasant,Dry,Moderate,10.7,2026,9,25,Friday,Autumn,36.0
2026-09-19,31.8,17.3,0.0,0.0,18.0,32.0,3,Sidi Smai’il,32.8167,-8.5,2026-09-19,Normal / Pleasant,Dry,Moderate,14.5,2026,9,19,Saturday,Autumn,36.0
2026-09-20,33.3,19.8,0.0,0.0,14.8,26.3,2,Sidi Smai’il,32.8167,-8.5,2026-09-19,Warm,Dry,Calm / Light,13.499999999999996,2026,9,20,Sunday,Autumn,30.75
2026-09-21,35.9,20.1,0.0,0.0,14.7,25.9,45,Sidi Smai’il,32.8167,-8.5,2026-09-19,Warm,Dry,Calm / Light,15.799999999999997,2026,9,21,Monday,Autumn,30.75
2026-09-22,33.5,18.2,0.0,0.0,15.0,27.4,45,Sidi Smai’il,32.8167,-8.5,2026-09-19,Warm,Dry,Moderate,15.3,2026,9,22,Tuesday,Autumn,30.75
2026-09-23,32.6,19.3,0.0,0.0,13.9,25.6,45,Sidi Smai’il,32.8167,-8.5,2026-09-19,Warm,Dry,Calm / Light,13.3,2026,9,23,Wednesday,Autumn,20.25
2026-09-24,30.8,17.7,0.0,3.0,15.5,28.8,45,Sidi Smai’il,32.8167,-8.5,2026-09-19,Normal / Pleasant,Dry,Moderate,13.100000000000001,2026,9,24,Thursday,Autumn,20.25
2026-09-25,27.2,19.6,0.0,3.0,16.0,29.2,3,Sidi Smai’il,32.8167,-8.5,2026-09-19,Normal / Pleasant,Dry,Moderate,7.599999999999998,2026,9,25,Friday,Autumn,8.0
2026-09-19,36.1,17.6,0.0,0.0,20.8,37.1,1,Sidi Yahia El Gharb,34.3058,-6.3058,2026-09-19,Warm,Dry,Moderate,18.5,2026,9,19,Saturday,Autumn,46.5
2026-09-20,38.1,22.0,0.0,0.0,18.6,33.8,0,Sidi Yahia El Gharb,34.3058,-6.3058,2026-09-19,Very Warm / Heatwave,Dry,Moderate,16.1,2026,9,20,Sunday,Autumn,55.25
2026-09-21,37.0,19.8,0.0,0.0,19.1,33.5,45,Sidi Yahia El Gharb,34.3058,-6.3058,2026-09-19,Very Warm / Heatwave,Dry,Moderate,17.2,2026,9,21,Monday,Autumn,46.5
2026-09-22,36.7,21.1,0.0,0.0,12.0,27.4,0,Sidi Yahia El Gharb,34.3058,-6.3058,2026-09-19,Warm,Dry,Calm / Light,15.600000000000001,2026,9,22,Tuesday,Autumn,30.75
2026-09-23,34.0,17.0,0.0,0.0,19.1,34.9,0,Sidi Yahia El Gharb,34.3058,-6.3058,2026-09-19,Warm,Dry,Moderate,17.0,2026,9,23,Wednesday,Autumn,46.5
2026-09-24,33.4,18.1,0.0,0.0,17.6,33.1,45,Sidi Yahia El Gharb,34.3058,-6.3058,2026-09-19,Warm,Dry,Moderate,15.299999999999997,2026,9,24,Thursday,Autumn,46.5
2026-09-25,29.3,19.7,0.0,3.0,16.6,31.7,45,Sidi Yahia El Gharb,34.3058,-6.3058,2026-09-19,Normal / Pleasant,Dry,Moderate,9.600000000000001,2026,9,25,Friday,Autumn,36.0
2026-09-19,32.1,17.0,0.0,0.0,16.4,33.5,2,Sidi Yahya Zaer,33.7105,-6.8831,2026-09-19,Warm,Dry,Moderate,15.100000000000001,2026,9,19,Saturday,Autumn,36.0
2026-09-20,35.1,20.3,0.0,0.0,18.1,37.1,2,Sidi Yahya Zaer,33.7105,-6.8831,2026-09-19,Warm,Dry,Moderate,14.8,2026,9,20,Sunday,Autumn,46.5
2026-09-21,34.4,20.4,0.0,0.0,17.1,34.6,1,Sidi Yahya Zaer,33.7105,-6.8831,2026-09-19,Warm,Dry,Moderate,14.0,2026,9,21,Monday,Autumn,46.5
2026-09-22,33.6,20.1,0.0,0.0,16.3,32.8,0,Sidi Yahya Zaer,33.7105,-6.8831,2026-09-19,Warm,Dry,Moderate,13.5,2026,9,22,Tuesday,Autumn,46.5
2026-09-23,33.5,16.9,0.0,0.0,16.5,34.2,0,Sidi Yahya Zaer,33.7105,-6.8831,2026-09-19,Warm,Dry,Moderate,16.6,2026,9,23,Wednesday,Autumn,46.5
2026-09-24,31.6,16.1,0.0,0.0,15.1,30.6,3,Sidi Yahya Zaer,33.7105,-6.8831,2026-09-19,Normal / Pleasant,Dry,Moderate,15.5,2026,9,24,Thursday,Autumn,36.0
2026-09-25,27.2,15.6,0.0,0.0,16.3,32.0,45,Sidi Yahya Zaer,33.7105,-6.8831,2026-09-19,Normal / Pleasant,Dry,Moderate,11.6,2026,9,25,Friday,Autumn,23.75
2026-09-19,26.7,16.8,0.0,0.0,13.4,29.9,2,Skhirate,33.85,-7.03,2026-09-19,Normal / Pleasant,Dry,Calm / Light,9.899999999999999,2026,9,19,Saturday,Autumn,8.0
2026-09-20,27.7,19.1,0.0,0.0,12.0,27.7,0,Skhirate,33.85,-7.03,2026-09-19,Normal / Pleasant,Dry,Calm / Light,8.599999999999998,2026,9,20,Sunday,Autumn,8.0
2026-09-21,27.5,20.0,0.0,0.0,12.1,28.1,1,Skhirate,33.85,-7.03,2026-09-19,Normal / Pleasant,Dry,Calm / Light,7.5,2026,9,21,Monday,Autumn,8.0
2026-09-22,27.5,19.9,0.0,0.0,11.5,27.4,1,Skhirate,33.85,-7.03,2026-09-19,Normal / Pleasant,Dry,Calm / Light,7.600000000000001,2026,9,22,Tuesday,Autumn,8.0
2026-09-23,26.4,17.8,0.0,0.0,12.0,28.1,1,Skhirate,33.85,-7.03,2026-09-19,Normal / Pleasant,Dry,Calm / Light,8.599999999999998,2026,9,23,Wednesday,Autumn,8.0
2026-09-24,25.2,19.5,0.0,0.0,10.7,22.7,45,Skhirate,33.85,-7.03,2026-09-19,Normal / Pleasant,Dry,Calm / Light,5.699999999999999,2026,9,24,Thursday,Autumn,8.0
2026-09-25,24.2,20.0,0.0,0.0,12.0,25.6,45,Skhirate,33.85,-7.03,2026-09-19,Cool / Mild,Dry,Calm / Light,4.199999999999999,2026,9,25,Friday,Autumn,8.0
2026-09-19,36.9,21.0,0.0,0.0,23.3,42.1,1,Souk et Tnine Jorf el Mellah,34.4945,-5.5047,2026-09-19,Warm,Dry,Moderate,15.899999999999999,2026,9,19,Saturday,Autumn,46.5
2026-09-20,37.4,24.6,0.0,0.0,20.9,38.9,0,Souk et Tnine Jorf el Mellah,34.4945,-5.5047,2026-09-19,Very Warm / Heatwave,Dry,Moderate,12.799999999999997,2026,9,20,Sunday,Autumn,55.25
2026-09-21,36.5,24.6,0.0,0.0,17.8,33.8,1,Souk et Tnine Jorf el Mellah,34.4945,-5.5047,2026-09-19,Warm,Dry,Moderate,11.899999999999999,2026,9,21,Monday,Autumn,46.5
2026-09-22,36.1,23.2,0.0,0.0,16.9,33.1,0,Souk et Tnine Jorf el Mellah,34.4945,-5.5047,2026-09-19,Warm,Dry,Moderate,12.900000000000002,2026,9,22,Tuesday,Autumn,46.5
2026-09-23,36.7,21.8,0.0,0.0,10.8,23.0,0,Souk et Tnine Jorf el Mellah,34.4945,-5.5047,2026-09-19,Warm,Dry,Calm / Light,14.900000000000002,2026,9,23,Wednesday,Autumn,30.75
2026-09-24,37.1,20.0,0.0,0.0,15.6,27.4,2,Souk et Tnine Jorf el Mellah,34.4945,-5.5047,2026-09-19,Very Warm / Heatwave,Dry,Moderate,17.1,2026,9,24,Thursday,Autumn,39.5
2026-09-25,33.1,19.5,0.0,3.0,16.4,32.4,45,Souk et Tnine Jorf el Mellah,34.4945,-5.5047,2026-09-19,Warm,Dry,Moderate,13.600000000000001,2026,9,25,Friday,Autumn,46.5
2026-09-19,38.0,20.9,0.0,0.0,14.9,25.9,2,Souq Sebt Oulad Nemma,32.3,-6.7,2026-09-19,Very Warm / Heatwave,Dry,Calm / Light,17.1,2026,9,19,Saturday,Autumn,39.5
2026-09-20,38.8,22.9,0.2,5.0,17.5,32.4,3,Souq Sebt Oulad Nemma,32.3,-6.7,2026-09-19,Very Warm / Heatwave,Light,Moderate,15.899999999999999,2026,9,20,Sunday,Autumn,61.25
2026-09-21,37.7,22.5,0.0,0.0,14.7,26.3,3,Souq Sebt Oulad Nemma,32.3,-6.7,2026-09-19,Very Warm / Heatwave,Dry,Calm / Light,15.200000000000003,2026,9,21,Monday,Autumn,39.5
2026-09-22,37.4,23.0,0.0,0.0,11.9,21.2,2,Souq Sebt Oulad Nemma,32.3,-6.7,2026-09-19,Very Warm / Heatwave,Dry,Calm / Light,14.399999999999999,2026,9,22,Tuesday,Autumn,39.5
2026-09-23,37.6,20.6,0.0,0.0,11.0,20.9,0,Souq Sebt Oulad Nemma,32.3,-6.7,2026-09-19,Very Warm / Heatwave,Dry,Calm / Light,17.0,2026,9,23,Wednesday,Autumn,39.5
2026-09-24,37.7,17.6,0.0,0.0,13.4,24.1,1,Souq Sebt Oulad Nemma,32.3,-6.7,2026-09-19,Very Warm / Heatwave,Dry,Calm / Light,20.1,2026,9,24,Thursday,Autumn,39.5
2026-09-25,35.4,20.6,0.0,3.0,11.9,22.0,3,Souq Sebt Oulad Nemma,32.3,-6.7,2026-09-19,Warm,Dry,Calm / Light,14.799999999999997,2026,9,25,Friday,Autumn,30.75
2026-09-19,31.3,20.0,0.5,30.0,20.3,32.0,3,Tabount,30.9014,-6.9217,2026-09-19,Normal / Pleasant,Light,Moderate,11.3,2026,9,19,Saturday,Autumn,42.0
2026-09-20,31.8,19.6,1.3,28.0,18.0,35.6,61,Tabount,30.9014,-6.9217,2026-09-19,Normal / Pleasant,Moderate,Moderate,12.2,2026,9,20,Sunday,Autumn,48.0
2026-09-21,32.7,19.6,0.0,5.0,25.3,43.2,3,Tabount,30.9014,-6.9217,2026-09-19,Warm,Dry,Strong,13.100000000000001,2026,9,21,Monday,Autumn,36.0
2026-09-22,33.9,18.6,0.0,0.0,34.3,56.9,1,Tabount,30.9014,-6.9217,2026-09-19,Warm,Dry,Strong,15.299999999999997,2026,9,22,Tuesday,Autumn,62.25
2026-09-23,32.5,18.1,0.0,0.0,19.7,32.8,1,Tabount,30.9014,-6.9217,2026-09-19,Warm,Dry,Moderate,14.399999999999999,2026,9,23,Wednesday,Autumn,36.0
2026-09-24,32.8,15.6,0.0,0.0,12.7,20.9,3,Tabount,30.9014,-6.9217,2026-09-19,Warm,Dry,Calm / Light,17.199999999999996,2026,9,24,Thursday,Autumn,20.25
2026-09-25,29.3,17.9,3.9,14.0,10.2,26.6,80,Tabount,30.9014,-6.9217,2026-09-19,Normal / Pleasant,Moderate,Calm / Light,11.400000000000002,2026,9,25,Friday,Autumn,32.25
2026-09-19,32.1,18.6,0.2,18.0,19.2,56.2,2,Tahannawt,31.3514,-7.9508,2026-09-19,Warm,Light,Moderate,13.5,2026,9,19,Saturday,Autumn,57.75
2026-09-20,32.7,21.5,0.3,25.0,16.1,30.6,3,Tahannawt,31.3514,-7.9508,2026-09-19,Warm,Light,Moderate,11.200000000000003,2026,9,20,Sunday,Autumn,42.0
2026-09-21,33.2,21.5,0.0,3.0,17.2,33.8,3,Tahannawt,31.3514,-7.9508,2026-09-19,Warm,Dry,Moderate,11.700000000000003,2026,9,21,Monday,Autumn,46.5
2026-09-22,33.1,20.9,0.0,1.0,18.2,34.9,0,Tahannawt,31.3514,-7.9508,2026-09-19,Warm,Dry,Moderate,12.200000000000003,2026,9,22,Tuesday,Autumn,46.5
2026-09-23,32.9,18.6,0.0,0.0,16.1,30.6,0,Tahannawt,31.3514,-7.9508,2026-09-19,Warm,Dry,Moderate,14.299999999999997,2026,9,23,Wednesday,Autumn,36.0
2026-09-24,33.8,16.6,0.0,3.0,16.2,28.8,1,Tahannawt,31.3514,-7.9508,2026-09-19,Warm,Dry,Moderate,17.199999999999996,2026,9,24,Thursday,Autumn,30.75
2026-09-25,31.3,18.6,0.3,9.0,17.8,29.9,3,Tahannawt,31.3514,-7.9508,2026-09-19,Normal / Pleasant,Light,Moderate,12.7,2026,9,25,Friday,Autumn,26.25
2026-09-19,32.8,20.3,0.0,15.0,23.6,48.6,3,Tahla,34.05,-4.42,2026-09-19,Warm,Dry,Moderate,12.499999999999996,2026,9,19,Saturday,Autumn,51.75
2026-09-20,33.1,20.7,0.0,0.0,21.2,42.1,1,Tahla,34.05,-4.42,2026-09-19,Warm,Dry,Moderate,12.400000000000002,2026,9,20,Sunday,Autumn,46.5
2026-09-21,32.3,20.2,0.0,0.0,17.7,35.3,1,Tahla,34.05,-4.42,2026-09-19,Warm,Dry,Moderate,12.099999999999998,2026,9,21,Monday,Autumn,36.0
2026-09-22,31.5,17.8,0.0,0.0,15.3,29.5,1,Tahla,34.05,-4.42,2026-09-19,Normal / Pleasant,Dry,Moderate,13.7,2026,9,22,Tuesday,Autumn,20.25
2026-09-23,33.7,17.9,0.0,0.0,12.3,24.5,0,Tahla,34.05,-4.42,2026-09-19,Warm,Dry,Calm / Light,15.800000000000004,2026,9,23,Wednesday,Autumn,30.75
2026-09-24,35.0,21.2,0.0,0.0,13.0,25.9,1,Tahla,34.05,-4.42,2026-09-19,Warm,Dry,Calm / Light,13.8,2026,9,24,Thursday,Autumn,30.75
2026-09-25,33.4,19.1,0.0,0.0,17.5,33.5,3,Tahla,34.05,-4.42,2026-09-19,Warm,Dry,Moderate,14.299999999999997,2026,9,25,Friday,Autumn,46.5
2026-09-19,35.1,20.6,0.2,10.0,14.7,24.1,2,Tameslouht,31.5,-8.1,2026-09-19,Warm,Light,Calm / Light,14.5,2026,9,19,Saturday,Autumn,36.75
2026-09-20,36.5,23.1,0.6,35.0,17.4,32.0,80,Tameslouht,31.5,-8.1,2026-09-19,Warm,Light,Moderate,13.399999999999999,2026,9,20,Sunday,Autumn,52.5
2026-09-21,36.7,23.4,0.0,0.0,22.2,35.6,3,Tameslouht,31.5,-8.1,2026-09-19,Warm,Dry,Moderate,13.300000000000004,2026,9,21,Monday,Autumn,46.5
2026-09-22,36.3,22.4,0.0,0.0,19.2,30.2,1,Tameslouht,31.5,-8.1,2026-09-19,Warm,Dry,Moderate,13.899999999999999,2026,9,22,Tuesday,Autumn,46.5
2026-09-23,36.0,19.7,0.0,0.0,18.6,30.2,0,Tameslouht,31.5,-8.1,2026-09-19,Warm,Dry,Moderate,16.3,2026,9,23,Wednesday,Autumn,46.5
2026-09-24,36.3,19.3,0.0,0.0,22.7,37.8,1,Tameslouht,31.5,-8.1,2026-09-19,Warm,Dry,Moderate,16.999999999999996,2026,9,24,Thursday,Autumn,46.5
2026-09-25,33.6,21.8,0.0,5.0,21.0,34.9,3,Tameslouht,31.5,-8.1,2026-09-19,Warm,Dry,Moderate,11.8,2026,9,25,Friday,Autumn,46.5
2026-09-19,26.9,19.3,0.0,0.0,20.8,39.2,3,Tan-Tan,28.4333,-11.1,2026-09-19,Normal / Pleasant,Dry,Moderate,7.599999999999998,2026,9,19,Saturday,Autumn,23.75
2026-09-20,31.7,18.0,0.0,0.0,18.0,34.9,3,Tan-Tan,28.4333,-11.1,2026-09-19,Normal / Pleasant,Dry,Moderate,13.7,2026,9,20,Sunday,Autumn,36.0
2026-09-21,35.8,18.7,0.0,0.0,24.5,45.0,1,Tan-Tan,28.4333,-11.1,2026-09-19,Warm,Dry,Moderate,17.099999999999998,2026,9,21,Monday,Autumn,46.5
2026-09-22,35.0,18.8,0.0,0.0,22.8,41.4,1,Tan-Tan,28.4333,-11.1,2026-09-19,Warm,Dry,Moderate,16.2,2026,9,22,Tuesday,Autumn,46.5
2026-09-23,37.3,25.3,0.0,0.0,21.8,42.8,1,Tan-Tan,28.4333,-11.1,2026-09-19,Very Warm / Heatwave,Dry,Moderate,11.999999999999996,2026,9,23,Wednesday,Autumn,55.25
2026-09-24,38.3,23.4,0.0,0.0,22.6,40.7,0,Tan-Tan,28.4333,-11.1,2026-09-19,Very Warm / Heatwave,Dry,Moderate,14.899999999999999,2026,9,24,Thursday,Autumn,55.25
2026-09-25,31.3,17.9,0.0,1.0,14.3,38.5,2,Tan-Tan,28.4333,-11.1,2026-09-19,Normal / Pleasant,Dry,Calm / Light,13.400000000000002,2026,9,25,Friday,Autumn,36.0
2026-09-19,27.6,22.9,0.0,0.0,31.0,74.2,2,Tangier,35.7767,-5.8039,2026-09-19,Normal / Pleasant,Dry,Strong,4.700000000000003,2026,9,19,Saturday,Autumn,48.5
2026-09-20,28.5,23.8,0.0,0.0,29.9,72.0,2,Tangier,35.7767,-5.8039,2026-09-19,Normal / Pleasant,Dry,Strong,4.699999999999999,2026,9,20,Sunday,Autumn,60.75
2026-09-21,28.8,22.8,0.0,0.0,27.9,65.9,1,Tangier,35.7767,-5.8039,2026-09-19,Normal / Pleasant,Dry,Strong,6.0,2026,9,21,Monday,Autumn,60.75
2026-09-22,28.2,21.4,0.0,0.0,24.3,58.0,1,Tangier,35.7767,-5.8039,2026-09-19,Normal / Pleasant,Dry,Moderate,6.800000000000001,2026,9,22,Tuesday,Autumn,51.75
2026-09-23,28.8,20.9,0.0,0.0,22.1,51.8,1,Tangier,35.7767,-5.8039,2026-09-19,Normal / Pleasant,Dry,Moderate,7.900000000000002,2026,9,23,Wednesday,Autumn,51.75
2026-09-24,28.0,22.2,0.0,0.0,24.9,45.7,1,Tangier,35.7767,-5.8039,2026-09-19,Normal / Pleasant,Dry,Moderate,5.800000000000001,2026,9,24,Thursday,Autumn,39.5
2026-09-25,24.8,18.3,0.0,0.0,10.1,20.9,45,Tangier,35.7767,-5.8039,2026-09-19,Cool / Mild,Dry,Calm / Light,6.5,2026,9,25,Friday,Autumn,8.0
2026-09-19,31.6,20.0,0.2,25.0,29.9,52.6,80,Taourirt,34.41,-2.89,2026-09-19,Normal / Pleasant,Light,Strong,11.600000000000001,2026,9,19,Saturday,Autumn,57.75
2026-09-20,31.1,21.0,0.0,0.0,30.9,51.5,45,Taourirt,34.41,-2.89,2026-09-19,Normal / Pleasant,Dry,Strong,10.100000000000001,2026,9,20,Sunday,Autumn,51.75
2026-09-21,28.7,20.3,0.0,0.0,27.1,46.1,3,Taourirt,34.41,-2.89,2026-09-19,Normal / Pleasant,Dry,Strong,8.399999999999999,2026,9,21,Monday,Autumn,51.75
2026-09-22,29.8,17.1,0.0,0.0,23.8,42.5,2,Taourirt,34.41,-2.89,2026-09-19,Normal / Pleasant,Dry,Moderate,12.7,2026,9,22,Tuesday,Autumn,36.0
2026-09-23,31.7,17.9,0.0,0.0,24.1,43.2,0,Taourirt,34.41,-2.89,2026-09-19,Normal / Pleasant,Dry,Moderate,13.8,2026,9,23,Wednesday,Autumn,36.0
2026-09-24,34.1,18.8,0.0,0.0,16.3,36.4,0,Taourirt,34.41,-2.89,2026-09-19,Warm,Dry,Moderate,15.3,2026,9,24,Thursday,Autumn,46.5
2026-09-25,35.2,20.4,0.0,0.0,16.3,41.0,3,Taourirt,34.41,-2.89,2026-09-19,Warm,Dry,Moderate,14.800000000000004,2026,9,25,Friday,Autumn,46.5
2026-09-19,31.6,20.7,0.0,0.0,22.5,45.7,2,Taroudannt,30.4711,-8.8778,2026-09-19,Normal / Pleasant,Dry,Moderate,10.900000000000002,2026,9,19,Saturday,Autumn,51.75
2026-09-20,33.6,19.1,0.0,0.0,21.1,43.2,2,Taroudannt,30.4711,-8.8778,2026-09-19,Warm,Dry,Moderate,14.5,2026,9,20,Sunday,Autumn,46.5
2026-09-21,39.9,23.3,0.0,0.0,25.0,49.0,3,Taroudannt,30.4711,-8.8778,2026-09-19,Very Warm / Heatwave,Dry,Strong,16.599999999999998,2026,9,21,Monday,Autumn,71.0
2026-09-22,38.9,22.2,0.0,0.0,29.7,61.9,2,Taroudannt,30.4711,-8.8778,2026-09-19,Very Warm / Heatwave,Dry,Strong,16.7,2026,9,22,Tuesday,Autumn,80.0
2026-09-23,39.9,21.1,0.0,0.0,25.0,49.3,0,Taroudannt,30.4711,-8.8778,2026-09-19,Very Warm / Heatwave,Dry,Strong,18.799999999999997,2026,9,23,Wednesday,Autumn,71.0
2026-09-24,40.5,18.3,0.0,0.0,26.4,49.3,3,Taroudannt,30.4711,-8.8778,2026-09-19,Very Warm / Heatwave,Dry,Strong,22.2,2026,9,24,Thursday,Autumn,71.0
2026-09-25,34.1,20.3,0.0,3.0,28.7,50.8,3,Taroudannt,30.4711,-8.8778,2026-09-19,Warm,Dry,Strong,13.8,2026,9,25,Friday,Autumn,62.25
2026-09-19,29.1,19.3,0.0,0.0,28.5,59.4,3,Taza,34.2144,-4.0088,2026-09-19,Normal / Pleasant,Dry,Strong,9.8,2026,9,19,Saturday,Autumn,51.75
2026-09-20,30.1,20.2,0.0,0.0,20.2,42.1,3,Taza,34.2144,-4.0088,2026-09-19,Normal / Pleasant,Dry,Moderate,9.900000000000002,2026,9,20,Sunday,Autumn,36.0
2026-09-21,28.5,20.3,0.0,0.0,20.7,41.8,3,Taza,34.2144,-4.0088,2026-09-19,Normal / Pleasant,Dry,Moderate,8.2,2026,9,21,Monday,Autumn,36.0
2026-09-22,29.3,16.8,0.0,0.0,18.5,37.8,1,Taza,34.2144,-4.0088,2026-09-19,Normal / Pleasant,Dry,Moderate,12.5,2026,9,22,Tuesday,Autumn,36.0
2026-09-23,31.5,18.1,0.0,0.0,15.5,32.8,0,Taza,34.2144,-4.0088,2026-09-19,Normal / Pleasant,Dry,Moderate,13.399999999999999,2026,9,23,Wednesday,Autumn,36.0
2026-09-24,33.9,18.4,0.0,0.0,9.5,19.1,0,Taza,34.2144,-4.0088,2026-09-19,Warm,Dry,Calm / Light,15.5,2026,9,24,Thursday,Autumn,30.75
2026-09-25,33.6,19.2,0.0,0.0,21.7,40.0,3,Taza,34.2144,-4.0088,2026-09-19,Warm,Dry,Moderate,14.400000000000002,2026,9,25,Friday,Autumn,46.5
2026-09-19,28.6,16.7,0.0,0.0,12.5,33.8,2,Temara,33.9234,-6.9076,2026-09-19,Normal / Pleasant,Dry,Calm / Light,11.900000000000002,2026,9,19,Saturday,Autumn,36.0
2026-09-20,30.7,19.4,0.0,0.0,11.1,31.0,1,Temara,33.9234,-6.9076,2026-09-19,Normal / Pleasant,Dry,Calm / Light,11.3,2026,9,20,Sunday,Autumn,36.0
2026-09-21,30.5,20.5,0.0,0.0,11.1,31.3,1,Temara,33.9234,-6.9076,2026-09-19,Normal / Pleasant,Dry,Calm / Light,10.0,2026,9,21,Monday,Autumn,36.0
2026-09-22,29.9,20.3,0.0,0.0,10.7,28.8,0,Temara,33.9234,-6.9076,2026-09-19,Normal / Pleasant,Dry,Calm / Light,9.599999999999998,2026,9,22,Tuesday,Autumn,20.25
2026-09-23,28.5,18.1,0.0,0.0,11.0,29.9,0,Temara,33.9234,-6.9076,2026-09-19,Normal / Pleasant,Dry,Calm / Light,10.399999999999999,2026,9,23,Wednesday,Autumn,20.25
2026-09-24,25.1,19.4,0.0,0.0,10.7,22.7,45,Temara,33.9234,-6.9076,2026-09-19,Normal / Pleasant,Dry,Calm / Light,5.700000000000003,2026,9,24,Thursday,Autumn,8.0
2026-09-25,24.1,19.9,0.0,0.0,12.0,25.6,45,Temara,33.9234,-6.9076,2026-09-19,Cool / Mild,Dry,Calm / Light,4.200000000000003,2026,9,25,Friday,Autumn,8.0
2026-09-19,27.0,19.7,0.0,0.0,22.1,46.8,2,Temsia,30.3633,-9.4144,2026-09-19,Normal / Pleasant,Dry,Moderate,7.300000000000001,2026,9,19,Saturday,Autumn,39.5
2026-09-20,28.3,19.4,0.0,0.0,19.5,41.8,45,Temsia,30.3633,-9.4144,2026-09-19,Normal / Pleasant,Dry,Moderate,8.900000000000002,2026,9,20,Sunday,Autumn,36.0
2026-09-21,37.9,22.1,0.0,0.0,15.5,33.5,3,Temsia,30.3633,-9.4144,2026-09-19,Very Warm / Heatwave,Dry,Moderate,15.799999999999997,2026,9,21,Monday,Autumn,55.25
2026-09-22,37.7,21.7,0.0,0.0,21.7,46.4,2,Temsia,30.3633,-9.4144,2026-09-19,Very Warm / Heatwave,Dry,Moderate,16.000000000000004,2026,9,22,Tuesday,Autumn,71.0
2026-09-23,37.0,20.9,0.0,0.0,17.8,38.5,1,Temsia,30.3633,-9.4144,2026-09-19,Very Warm / Heatwave,Dry,Moderate,16.1,2026,9,23,Wednesday,Autumn,46.5
2026-09-24,39.5,20.6,0.0,0.0,26.4,43.6,3,Temsia,30.3633,-9.4144,2026-09-19,Very Warm / Heatwave,Dry,Strong,18.9,2026,9,24,Thursday,Autumn,55.25
2026-09-25,29.9,20.3,0.0,0.0,28.3,48.6,45,Temsia,30.3633,-9.4144,2026-09-19,Normal / Pleasant,Dry,Strong,9.599999999999998,2026,9,25,Friday,Autumn,51.75
2026-09-19,31.4,16.7,0.0,0.0,25.2,39.2,3,Tifariti,26.158,-10.567,2026-09-19,Normal / Pleasant,Dry,Strong,14.7,2026,9,19,Saturday,Autumn,36.0
2026-09-20,37.5,19.5,0.0,0.0,13.0,25.9,0,Tifariti,26.158,-10.567,2026-09-19,Very Warm / Heatwave,Dry,Calm / Light,18.0,2026,9,20,Sunday,Autumn,39.5
2026-09-21,38.8,25.0,0.0,6.0,24.1,40.0,3,Tifariti,26.158,-10.567,2026-09-19,Very Warm / Heatwave,Dry,Moderate,13.799999999999997,2026,9,21,Monday,Autumn,55.25
2026-09-22,39.0,24.5,0.0,4.0,20.8,36.0,3,Tifariti,26.158,-10.567,2026-09-19,Very Warm / Heatwave,Dry,Moderate,14.5,2026,9,22,Tuesday,Autumn,55.25
2026-09-23,38.6,25.8,0.0,6.0,19.6,36.0,3,Tifariti,26.158,-10.567,2026-09-19,Very Warm / Heatwave,Dry,Moderate,12.8,2026,9,23,Wednesday,Autumn,55.25
2026-09-24,39.0,26.6,0.0,3.0,20.7,37.8,3,Tifariti,26.158,-10.567,2026-09-19,Very Warm / Heatwave,Dry,Moderate,12.399999999999999,2026,9,24,Thursday,Autumn,55.25
2026-09-25,37.5,26.7,0.0,8.0,20.1,34.6,3,Tifariti,26.158,-10.567,2026-09-19,Very Warm / Heatwave,Dry,Moderate,10.8,2026,9,25,Friday,Autumn,55.25
2026-09-19,34.5,18.4,0.0,0.0,15.1,32.4,1,Tiflet,33.9,-6.33,2026-09-19,Warm,Dry,Moderate,16.1,2026,9,19,Saturday,Autumn,46.5
2026-09-20,36.7,21.5,0.0,0.0,17.2,37.1,2,Tiflet,33.9,-6.33,2026-09-19,Warm,Dry,Moderate,15.200000000000003,2026,9,20,Sunday,Autumn,46.5
2026-09-21,35.6,21.4,0.0,0.0,16.2,33.1,1,Tiflet,33.9,-6.33,2026-09-19,Warm,Dry,Moderate,14.200000000000003,2026,9,21,Monday,Autumn,46.5
2026-09-22,34.5,20.0,0.0,0.0,14.6,30.2,0,Tiflet,33.9,-6.33,2026-09-19,Warm,Dry,Calm / Light,14.5,2026,9,22,Tuesday,Autumn,46.5
2026-09-23,35.0,19.4,0.0,0.0,14.5,32.8,0,Tiflet,33.9,-6.33,2026-09-19,Warm,Dry,Calm / Light,15.600000000000001,2026,9,23,Wednesday,Autumn,46.5
2026-09-24,34.6,18.8,0.0,0.0,16.1,33.8,2,Tiflet,33.9,-6.33,2026-09-19,Warm,Dry,Moderate,15.8,2026,9,24,Thursday,Autumn,46.5
2026-09-25,29.9,17.5,0.0,3.0,15.8,33.5,3,Tiflet,33.9,-6.33,2026-09-19,Normal / Pleasant,Dry,Moderate,12.399999999999999,2026,9,25,Friday,Autumn,36.0
2026-09-19,28.3,18.4,5.1,70.0,19.3,29.5,80,Tineghir,31.5147,-5.5328,2026-09-19,Normal / Pleasant,Heavy,Moderate,9.900000000000002,2026,9,19,Saturday,Autumn,40.25
2026-09-20,28.0,18.0,0.1,55.0,8.9,24.8,3,Tineghir,31.5147,-5.5328,2026-09-19,Normal / Pleasant,Light,Calm / Light,10.0,2026,9,20,Sunday,Autumn,14.0
2026-09-21,29.8,18.4,0.4,26.0,20.7,33.1,80,Tineghir,31.5147,-5.5328,2026-09-19,Normal / Pleasant,Light,Moderate,11.400000000000002,2026,9,21,Monday,Autumn,42.0
2026-09-22,29.6,17.8,0.0,0.0,11.2,19.1,1,Tineghir,31.5147,-5.5328,2026-09-19,Normal / Pleasant,Dry,Calm / Light,11.8,2026,9,22,Tuesday,Autumn,20.25
2026-09-23,29.4,17.5,0.0,0.0,14.2,27.4,2,Tineghir,31.5147,-5.5328,2026-09-19,Normal / Pleasant,Dry,Calm / Light,11.899999999999999,2026,9,23,Wednesday,Autumn,20.25
2026-09-24,30.1,18.6,0.0,5.0,11.6,22.3,2,Tineghir,31.5147,-5.5328,2026-09-19,Normal / Pleasant,Dry,Calm / Light,11.5,2026,9,24,Thursday,Autumn,20.25
2026-09-25,26.6,17.5,0.6,12.0,11.8,25.6,3,Tineghir,31.5147,-5.5328,2026-09-19,Normal / Pleasant,Light,Calm / Light,9.100000000000001,2026,9,25,Friday,Autumn,14.0
2026-09-19,27.4,17.8,0.0,0.0,12.8,34.9,45,Tit Mellil,33.5533,-7.4822,2026-09-19,Normal / Pleasant,Dry,Calm / Light,9.599999999999998,2026,9,19,Saturday,Autumn,23.75
2026-09-20,31.1,19.2,0.0,0.0,12.2,33.1,1,Tit Mellil,33.5533,-7.4822,2026-09-19,Normal / Pleasant,Dry,Calm / Light,11.900000000000002,2026,9,20,Sunday,Autumn,36.0
2026-09-21,30.5,19.9,0.0,0.0,12.9,35.6,45,Tit Mellil,33.5533,-7.4822,2026-09-19,Normal / Pleasant,Dry,Calm / Light,10.600000000000001,2026,9,21,Monday,Autumn,36.0
2026-09-22,30.4,19.8,0.0,0.0,12.3,33.8,1,Tit Mellil,33.5533,-7.4822,2026-09-19,Normal / Pleasant,Dry,Calm / Light,10.599999999999998,2026,9,22,Tuesday,Autumn,36.0
2026-09-23,29.5,17.8,0.0,0.0,12.2,33.5,45,Tit Mellil,33.5533,-7.4822,2026-09-19,Normal / Pleasant,Dry,Calm / Light,11.7,2026,9,23,Wednesday,Autumn,36.0
2026-09-24,28.7,18.5,0.0,0.0,11.3,30.2,45,Tit Mellil,33.5533,-7.4822,2026-09-19,Normal / Pleasant,Dry,Calm / Light,10.2,2026,9,24,Thursday,Autumn,36.0
2026-09-25,25.9,19.4,0.0,3.0,12.0,33.1,45,Tit Mellil,33.5533,-7.4822,2026-09-19,Normal / Pleasant,Dry,Calm / Light,6.5,2026,9,25,Friday,Autumn,23.75
2026-09-19,27.2,19.0,0.0,0.0,16.8,29.5,2,Tiznit,29.7,-9.7269,2026-09-19,Normal / Pleasant,Dry,Moderate,8.2,2026,9,19,Saturday,Autumn,8.0
2026-09-20,29.8,19.8,0.0,0.0,11.5,20.5,45,Tiznit,29.7,-9.7269,2026-09-19,Normal / Pleasant,Dry,Calm / Light,10.0,2026,9,20,Sunday,Autumn,20.25
2026-09-21,36.0,21.9,0.0,0.0,16.0,27.4,3,Tiznit,29.7,-9.7269,2026-09-19,Warm,Dry,Moderate,14.100000000000001,2026,9,21,Monday,Autumn,30.75
2026-09-22,36.2,24.6,0.0,0.0,17.6,29.5,3,Tiznit,29.7,-9.7269,2026-09-19,Warm,Dry,Moderate,11.600000000000001,2026,9,22,Tuesday,Autumn,30.75
2026-09-23,34.8,21.7,0.0,0.0,18.2,31.0,0,Tiznit,29.7,-9.7269,2026-09-19,Warm,Dry,Moderate,13.099999999999998,2026,9,23,Wednesday,Autumn,46.5
2026-09-24,32.7,19.4,0.0,0.0,15.8,26.3,3,Tiznit,29.7,-9.7269,2026-09-19,Warm,Dry,Moderate,13.300000000000004,2026,9,24,Thursday,Autumn,20.25
2026-09-25,25.1,19.5,0.0,0.0,15.2,25.2,3,Tiznit,29.7,-9.7269,2026-09-19,Normal / Pleasant,Dry,Moderate,5.600000000000001,2026,9,25,Friday,Autumn,8.0
2026-09-19,25.7,22.5,0.0,0.0,30.2,70.6,2,Tétouan,35.5667,-5.3667,2026-09-19,Normal / Pleasant,Dry,Strong,3.1999999999999993,2026,9,19,Saturday,Autumn,48.5
2026-09-20,26.1,23.3,0.0,0.0,27.6,64.4,3,Tétouan,35.5667,-5.3667,2026-09-19,Normal / Pleasant,Dry,Strong,2.8000000000000007,2026,9,20,Sunday,Autumn,48.5
2026-09-21,27.3,22.6,0.0,0.0,27.2,65.2,2,Tétouan,35.5667,-5.3667,2026-09-19,Normal / Pleasant,Dry,Strong,4.699999999999999,2026,9,21,Monday,Autumn,48.5
2026-09-22,26.7,21.2,0.0,0.0,17.7,46.4,2,Tétouan,35.5667,-5.3667,2026-09-19,Normal / Pleasant,Dry,Moderate,5.5,2026,9,22,Tuesday,Autumn,39.5
2026-09-23,26.5,20.3,0.0,0.0,17.1,44.6,2,Tétouan,35.5667,-5.3667,2026-09-19,Normal / Pleasant,Dry,Moderate,6.199999999999999,2026,9,23,Wednesday,Autumn,23.75
2026-09-24,27.2,21.3,0.0,0.0,16.5,40.0,45,Tétouan,35.5667,-5.3667,2026-09-19,Normal / Pleasant,Dry,Moderate,5.899999999999999,2026,9,24,Thursday,Autumn,23.75
2026-09-25,30.1,19.6,0.0,0.0,9.4,19.8,45,Tétouan,35.5667,-5.3667,2026-09-19,Normal / Pleasant,Dry,Calm / Light,10.5,2026,9,25,Friday,Autumn,20.25
2026-09-19,31.1,19.3,0.5,30.0,22.5,38.2,80,Warzat,30.9167,-6.9167,2026-09-19,Normal / Pleasant,Light,Moderate,11.8,2026,9,19,Saturday,Autumn,42.0
2026-09-20,31.6,19.6,1.0,28.0,18.3,38.9,61,Warzat,30.9167,-6.9167,2026-09-19,Normal / Pleasant,Moderate,Moderate,12.0,2026,9,20,Sunday,Autumn,42.0
2026-09-21,32.7,18.8,0.0,5.0,24.8,43.9,3,Warzat,30.9167,-6.9167,2026-09-19,Warm,Dry,Moderate,13.900000000000002,2026,9,21,Monday,Autumn,36.0
2026-09-22,33.4,17.4,0.0,0.0,34.8,62.3,1,Warzat,30.9167,-6.9167,2026-09-19,Warm,Dry,Strong,16.0,2026,9,22,Tuesday,Autumn,71.25
2026-09-23,32.5,16.7,0.0,0.0,22.8,38.9,1,Warzat,30.9167,-6.9167,2026-09-19,Warm,Dry,Moderate,15.8,2026,9,23,Wednesday,Autumn,36.0
2026-09-24,32.9,15.7,0.0,0.0,12.7,20.9,3,Warzat,30.9167,-6.9167,2026-09-19,Warm,Dry,Calm / Light,17.2,2026,9,24,Thursday,Autumn,20.25
2026-09-25,29.4,18.0,3.9,14.0,10.2,26.6,80,Warzat,30.9167,-6.9167,2026-09-19,Normal / Pleasant,Moderate,Calm / Light,11.399999999999999,2026,9,25,Friday,Autumn,32.25
2026-09-19,33.8,17.3,0.0,0.0,16.2,35.3,2,Youssoufia,32.25,-8.53,2026-09-19,Warm,Dry,Moderate,16.499999999999996,2026,9,19,Saturday,Autumn,46.5
2026-09-20,34.9,20.9,0.0,3.0,18.3,38.9,2,Youssoufia,32.25,-8.53,2026-09-19,Warm,Dry,Moderate,14.0,2026,9,20,Sunday,Autumn,46.5
2026-09-21,37.5,22.5,0.0,0.0,16.3,35.6,3,Youssoufia,32.25,-8.53,2026-09-19,Very Warm / Heatwave,Dry,Moderate,15.0,2026,9,21,Monday,Autumn,55.25
2026-09-22,36.9,21.1,0.0,0.0,16.3,38.5,1,Youssoufia,32.25,-8.53,2026-09-19,Warm,Dry,Moderate,15.799999999999997,2026,9,22,Tuesday,Autumn,46.5
2026-09-23,36.0,17.2,0.0,0.0,14.0,30.6,1,Youssoufia,32.25,-8.53,2026-09-19,Warm,Dry,Calm / Light,18.8,2026,9,23,Wednesday,Autumn,46.5
2026-09-24,35.9,16.7,0.0,0.0,19.6,36.7,3,Youssoufia,32.25,-8.53,2026-09-19,Warm,Dry,Moderate,19.2,2026,9,24,Thursday,Autumn,46.5
2026-09-25,30.7,19.7,0.0,3.0,20.6,37.8,3,Youssoufia,32.25,-8.53,2026-09-19,Normal / Pleasant,Dry,Moderate,11.0,2026,9,25,Friday,Autumn,36.0
2026-09-19,33.8,25.8,0.0,8.0,26.6,44.6,3,Zagora,30.3316,-5.8376,2026-09-19,Warm,Dry,Strong,7.9999999999999964,2026,9,19,Saturday,Autumn,46.5
2026-09-20,34.2,23.7,0.0,8.0,13.5,33.5,3,Zagora,30.3316,-5.8376,2026-09-19,Warm,Dry,Calm / Light,10.500000000000004,2026,9,20,Sunday,Autumn,46.5
2026-09-21,34.3,24.2,1.7,28.0,15.8,25.2,80,Zagora,30.3316,-5.8376,2026-09-19,Warm,Moderate,Moderate,10.099999999999998,2026,9,21,Monday,Autumn,42.75
2026-09-22,34.2,25.0,0.0,0.0,10.9,19.8,3,Zagora,30.3316,-5.8376,2026-09-19,Warm,Dry,Calm / Light,9.200000000000003,2026,9,22,Tuesday,Autumn,30.75
2026-09-23,33.3,24.8,0.0,0.0,12.0,19.8,2,Zagora,30.3316,-5.8376,2026-09-19,Warm,Dry,Calm / Light,8.499999999999996,2026,9,23,Wednesday,Autumn,30.75
2026-09-24,34.2,24.3,0.7,3.0,17.1,27.0,80,Zagora,30.3316,-5.8376,2026-09-19,Warm,Light,Moderate,9.900000000000002,2026,9,24,Thursday,Autumn,36.75
2026-09-25,31.6,23.3,1.7,10.0,12.9,24.5,80,Zagora,30.3316,-5.8376,2026-09-19,Normal / Pleasant,Moderate,Calm / Light,8.3,2026,9,25,Friday,Autumn,32.25
2026-09-19,34.9,18.5,0.0,0.0,16.3,34.2,2,Zawyat ech Cheïkh,32.6541,-5.9214,2026-09-19,Warm,Dry,Moderate,16.4,2026,9,19,Saturday,Autumn,46.5
2026-09-20,35.8,19.4,0.0,0.0,14.8,32.8,2,Zawyat ech Cheïkh,32.6541,-5.9214,2026-09-19,Warm,Dry,Calm / Light,16.4,2026,9,20,Sunday,Autumn,46.5
2026-09-21,34.7,18.8,0.0,3.0,20.0,38.2,2,Zawyat ech Cheïkh,32.6541,-5.9214,2026-09-19,Warm,Dry,Moderate,15.900000000000002,2026,9,21,Monday,Autumn,46.5
2026-09-22,33.9,17.8,0.0,1.0,13.8,25.2,2,Zawyat ech Cheïkh,32.6541,-5.9214,2026-09-19,Warm,Dry,Calm / Light,16.099999999999998,2026,9,22,Tuesday,Autumn,30.75
2026-09-23,34.2,16.6,0.0,0.0,12.1,23.4,0,Zawyat ech Cheïkh,32.6541,-5.9214,2026-09-19,Warm,Dry,Calm / Light,17.6,2026,9,23,Wednesday,Autumn,30.75
2026-09-24,34.8,18.5,0.0,3.0,15.9,29.2,1,Zawyat ech Cheïkh,32.6541,-5.9214,2026-09-19,Warm,Dry,Moderate,16.299999999999997,2026,9,24,Thursday,Autumn,30.75
2026-09-25,32.7,19.3,0.0,3.0,12.9,24.5,3,Zawyat ech Cheïkh,32.6541,-5.9214,2026-09-19,Warm,Dry,Calm / Light,13.400000000000002,2026,9,25,Friday,Autumn,20.25
2026-09-19,28.3,21.0,0.0,5.0,24.7,55.1,45,Zaïo,34.9396,-2.7334,2026-09-19,Normal / Pleasant,Dry,Moderate,7.300000000000001,2026,9,19,Saturday,Autumn,51.75
2026-09-20,29.5,21.6,0.0,0.0,23.2,50.8,3,Zaïo,34.9396,-2.7334,2026-09-19,Normal / Pleasant,Dry,Moderate,7.899999999999999,2026,9,20,Sunday,Autumn,51.75
2026-09-21,27.9,20.4,0.0,0.0,22.1,41.4,2,Zaïo,34.9396,-2.7334,2026-09-19,Normal / Pleasant,Dry,Moderate,7.5,2026,9,21,Monday,Autumn,23.75
2026-09-22,29.1,16.9,0.0,0.0,14.3,31.7,45,Zaïo,34.9396,-2.7334,2026-09-19,Normal / Pleasant,Dry,Calm / Light,12.200000000000003,2026,9,22,Tuesday,Autumn,36.0
2026-09-23,29.8,18.1,0.0,0.0,12.0,28.4,45,Zaïo,34.9396,-2.7334,2026-09-19,Normal / Pleasant,Dry,Calm / Light,11.7,2026,9,23,Wednesday,Autumn,20.25
2026-09-24,31.6,18.3,0.0,0.0,15.9,29.2,45,Zaïo,34.9396,-2.7334,2026-09-19,Normal / Pleasant,Dry,Moderate,13.3,2026,9,24,Thursday,Autumn,20.25
2026-09-25,33.2,17.6,0.0,0.0,14.8,27.4,3,Zaïo,34.9396,-2.7334,2026-09-19,Warm,Dry,Calm / Light,15.600000000000001,2026,9,25,Friday,Autumn,30.75
2026-09-19,26.0,22.0,0.7,18.0,27.1,51.5,3,Zeghanghane,35.1575,-3.0017,2026-09-19,Normal / Pleasant,Light,Strong,4.0,2026,9,19,Saturday,Autumn,45.5
2026-09-20,26.8,22.5,0.2,28.0,26.5,54.4,3,Zeghanghane,35.1575,-3.0017,2026-09-19,Normal / Pleasant,Light,Strong,4.300000000000001,2026,9,20,Sunday,Autumn,45.5
2026-09-21,26.6,21.7,0.1,3.0,21.1,42.5,3,Zeghanghane,35.1575,-3.0017,2026-09-19,Normal / Pleasant,Light,Moderate,4.900000000000002,2026,9,21,Monday,Autumn,29.75
2026-09-22,26.7,18.1,0.0,0.0,21.1,42.8,2,Zeghanghane,35.1575,-3.0017,2026-09-19,Normal / Pleasant,Dry,Moderate,8.599999999999998,2026,9,22,Tuesday,Autumn,23.75
2026-09-23,26.9,19.1,0.0,0.0,19.0,38.9,45,Zeghanghane,35.1575,-3.0017,2026-09-19,Normal / Pleasant,Dry,Moderate,7.799999999999997,2026,9,23,Wednesday,Autumn,23.75
2026-09-24,29.1,18.9,0.0,0.0,17.6,32.4,45,Zeghanghane,35.1575,-3.0017,2026-09-19,Normal / Pleasant,Dry,Moderate,10.200000000000003,2026,9,24,Thursday,Autumn,36.0
2026-09-25,31.2,18.0,0.0,0.0,12.4,24.1,45,Zeghanghane,35.1575,-3.0017,2026-09-19,Normal / Pleasant,Dry,Calm / Light,13.2,2026,9,25,Friday,Autumn,20.25
